,ID,Name,Type,HP,Attack,Defense,Sp. Attack,Sp. Defense,Speed,Total
0,1,Bulbasaur,Grass/Poison,45,49,49,65,65,45,318
1,2,Ivysaur,Grass/Poison,60,62,63,80,80,60,405
2,3,Mega Venusaur,Grass/Poison,80,100,123,122,120,80,625
3,3,Venusaur,Grass/Poison,80,82,83,100,100,80,525
4,4,Charmander,Fire,39,52,43,60,50,65,309
5,5,Charmeleon,Fire,58,64,58,80,65,80,405
6,6,Charizard,Fire/Flying,78,84,78,109,85,100,534
7,6,Mega Charizard X,Fire/Dragon,78,130,111,130,85,100,634
8,6,Mega Charizard Y,Fire/Flying,78,104,78,159,115,100,634
9,7,Squirtle,Water,44,48,65,50,64,43,314
10,8,Wartortle,Water,59,63,80,65,80,58,405
11,9,Blastoise,Water,79,83,100,85,105,78,530
12,9,Mega Blastoise,Water,79,103,120,135,115,78,630
13,10,Caterpie,Bug,45,30,35,20,20,45,195
14,11,Metapod,Bug,50,20,55,25,25,30,205
15,12,Butterfree,Bug/Flying,60,45,50,90,80,70,395
16,13,Weedle,Bug/Poison,40,35,30,20,20,50,195
17,14,Kakuna,Bug/Poison,45,25,50,25,25,35,205
18,15,Beedrill,Bug/Poison,65,90,40,45,80,75,395
19,15,Mega Beedrill,Bug/Poison,65,150,40,15,80,145,495
20,16,Pidgey,Normal/Flying,40,45,40,35,35,56,251
21,17,Pidgeotto,Normal/Flying,63,60,55,50,50,71,349
22,18,Mega Pidgeot,Normal/Flying,83,80,80,135,80,121,579
23,18,Pidgeot,Normal/Flying,83,80,75,70,70,101,479
24,19,Alolan Rattata,Dark/Normal,30,56,35,25,35,72,253
25,19,Rattata,Normal,30,56,35,25,35,72,253
26,20,Alolan Raticate,Dark/Normal,75,71,70,40,80,77,413
27,20,Raticate,Normal,55,81,60,50,70,97,413
28,21,Spearow,Normal/Flying,40,60,30,31,31,70,262
29,22,Fearow,Normal/Flying,65,90,65,61,61,100,442
30,23,Ekans,Poison,35,60,44,40,54,55,288
31,24,Arbok,Poison,60,95,69,65,79,80,448
32,25,Partner Pikachu,Electric,45,80,50,75,60,120,430
33,25,Pikachu,Electric,35,55,40,50,50,90,320
34,26,Alolan Raichu,Electric/Psychic,60,85,50,95,85,110,485
35,26,Raichu,Electric,60,90,55,90,80,110,485
36,27,Alolan Sandshrew,Ice/Steel,50,75,90,10,35,40,300
37,27,Sandshrew,Ground,50,75,85,20,30,40,300
38,28,Alolan Sandslash,Ice/Steel,75,100,120,25,65,65,450
39,28,Sandslash,Ground,75,100,110,45,55,65,450
40,29,Nidoran F,Poison,55,47,52,40,40,41,275
41,30,Nidorina,Poison,70,62,67,55,55,56,365
42,31,Nidoqueen,Poison/Ground,90,92,87,75,85,76,505
43,32,Nidoran M,Poison,46,57,40,40,40,50,273
44,33,Nidorino,Poison,61,72,57,55,55,65,365
45,34,Nidoking,Poison/Ground,81,102,77,85,75,85,505
46,35,Clefairy,Fairy,70,45,48,60,65,35,323
47,36,Clefable,Fairy,95,70,73,95,90,60,483
48,37,Alolan Vulpix,Ice,38,41,40,50,65,65,299
49,37,Vulpix,Fire,38,41,40,50,65,65,299
50,38,Alolan Ninetales,Ice/Fairy,73,67,75,81,100,109,505
51,38,Ninetales,Fire,73,76,75,81,100,100,505
52,39,Jigglypuff,Normal/Fairy,115,45,20,45,25,20,270
53,40,Wigglytuff,Normal/Fairy,140,70,45,85,50,45,435
54,41,Zubat,Poison/Flying,40,45,35,30,40,55,245
55,42,Golbat,Poison/Flying,75,80,70,65,75,90,455
56,43,Oddish,Grass/Poison,45,50,55,75,65,30,320
57,44,Gloom,Grass/Poison,60,65,70,85,75,40,395
58,45,Vileplume,Grass/Poison,75,80,85,110,90,50,490
59,46,Paras,Bug/Grass,35,70,55,45,55,25,285
60,47,Parasect,Bug/Grass,60,95,80,60,80,30,405
61,48,Venonat,Bug/Poison,60,55,50,40,55,45,305
62,49,Venomoth,Bug/Poison,70,65,60,90,75,90,450
63,50,Alolan Diglett,Ground/Steel,10,55,30,35,45,90,265
64,50,Diglett,Ground,10,55,25,35,45,95,265
65,51,Alolan Dugtrio,Ground/Steel,35,100,60,50,70,110,425
66,51,Dugtrio,Ground,35,100,50,50,70,120,425
67,52,Alolan Meowth,Dark,40,35,35,50,40,90,290
68,52,Galarian Meowth,Steel,50,65,55,40,40,40,290
69,52,Meowth,Normal,40,45,35,40,40,90,290
70,53,Alolan Persian,Dark,65,60,60,75,65,115,440
71,53,Persian,Normal,65,70,60,65,65,115,440
72,54,Psyduck,Water,50,52,48,65,50,55,320
73,55,Golduck,Water,80,82,78,95,80,85,500
74,56,Mankey,Fighting,40,80,35,35,45,70,305
75,57,Primeape,Fighting,65,105,60,60,70,95,455
76,58,Hisuian Growlithe,Fire/Rock,60,75,45,65,50,55,350
77,58,Growlithe,Fire,55,70,45,70,50,60,350
78,59,Hisuian Arcanine,Fire/Rock,95,115,80,95,80,90,555
79,59,Arcanine,Fire,90,110,80,100,80,95,555
80,60,Poliwag,Water,40,50,40,40,40,90,300
81,61,Poliwhirl,Water,65,65,65,50,50,90,385
82,62,Poliwrath,Water/Fighting,90,95,95,70,90,70,510
83,63,Abra,Psychic,25,20,15,105,55,90,310
84,64,Kadabra,Psychic,40,35,30,120,70,105,400
85,65,Alakazam,Psychic,55,50,45,135,95,120,500
86,65,Mega Alakazam,Psychic,55,50,65,175,105,150,600
87,66,Machop,Fighting,70,80,50,35,35,35,305
88,67,Machoke,Fighting,80,100,70,50,60,45,405
89,68,Machamp,Fighting,90,130,80,65,85,55,505
90,69,Bellsprout,Grass/Poison,50,75,35,70,30,40,300
91,70,Weepinbell,Grass/Poison,65,90,50,85,45,55,390
92,71,Victreebel,Grass/Poison,80,105,65,100,70,70,490
93,72,Tentacool,Water/Poison,40,40,35,50,100,70,335
94,73,Tentacruel,Water/Poison,80,70,65,80,120,100,515
95,74,Alolan Geodude,Rock/Electric,40,80,100,30,30,20,300
96,74,Geodude,Rock/Ground,40,80,100,30,30,20,300
97,75,Alolan Graveler,Rock/Electric,55,95,115,45,45,35,390
98,75,Graveler,Rock/Ground,55,95,115,45,45,35,390
99,76,Alolan Golem,Rock/Electric,80,120,130,55,65,45,495
100,76,Golem,Rock/Ground,80,120,130,55,65,45,495
101,77,Galarian Ponyta,Psychic,50,85,55,65,65,90,410
102,77,Ponyta,Fire,50,85,55,65,65,90,410
103,78,Galarian Rapidash,Psychic/Fairy,65,100,70,80,80,105,500
104,78,Rapidash,Fire,65,100,70,80,80,105,500
105,79,Galarian Slowpoke,Psychic,90,65,65,40,40,15,315
106,79,Slowpoke,Water/Psychic,90,65,65,40,40,15,315
107,80,Mega Slowbro,Water/Psychic,95,75,180,130,80,30,590
108,80,Galarian Slowbro,Poison/Psychic,95,100,95,100,70,30,490
109,80,Slowbro,Water/Psychic,95,75,110,100,80,30,490
110,81,Magnemite,Electric/Steel,25,35,70,95,55,45,325
111,82,Magneton,Electric/Steel,50,60,95,120,70,70,465
112,83,Galarian Farfetch'd,Fighting,52,95,55,58,62,55,377
113,83,Farfetch'd,Normal/Flying,52,90,55,58,62,60,377
114,84,Doduo,Normal/Flying,35,85,45,35,35,75,310
115,85,Dodrio,Normal/Flying,60,110,70,60,60,110,470
116,86,Seel,Water,65,45,55,45,70,45,325
117,87,Dewgong,Water/Ice,90,70,80,70,95,70,475
118,88,Alolan Grimer,Poison/Dark,80,80,50,40,50,25,325
119,88,Grimer,Poison,80,80,50,40,50,25,325
120,89,Alolan Muk,Poison/Dark,105,105,75,65,100,50,500
121,89,Muk,Poison,105,105,75,65,100,50,500
122,90,Shellder,Water,30,65,100,45,25,40,305
123,91,Cloyster,Water/Ice,50,95,180,85,45,70,525
124,92,Gastly,Ghost/Poison,30,35,30,100,35,80,310
125,93,Haunter,Ghost/Poison,45,50,45,115,55,95,405
126,94,Gengar,Ghost/Poison,60,65,60,130,75,110,500
127,94,Mega Gengar,Ghost/Poison,60,65,80,170,95,130,600
128,95,Onix,Rock/Ground,35,45,160,30,45,70,385
129,96,Drowzee,Psychic,60,48,45,43,90,42,328
130,97,Hypno,Psychic,85,73,70,73,115,67,483
131,98,Krabby,Water,30,105,90,25,25,50,325
132,99,Kingler,Water,55,130,115,50,50,75,475
133,100,Hisuian Voltorb,Electric/Grass,40,30,50,55,55,100,330
134,100,Voltorb,Electric,40,30,50,55,55,100,330
135,1000,Gholdengo,Steel/Ghost,87,60,95,133,91,84,550
136,1001,Wo-Chien,Dark/Grass,85,85,100,95,135,70,570
137,1002,Chien-Pao,Dark/Ice,80,120,80,90,65,135,570
138,1003,Ting-Lu,Dark/Ground,155,110,125,55,80,45,570
139,1004,Chi-Yu,Dark/Fire,55,80,80,135,120,100,570
140,1005,Roaring Moon,Dragon/Dark,105,139,71,55,101,119,590
141,1006,Iron Valiant,Fairy/Fighting,74,130,90,120,60,116,590
142,1007,Koraidon,Fighting/Dragon,100,135,115,85,100,135,670
143,1008,Miraidon,Electric/Dragon,100,85,100,135,115,135,670
144,101,Hisuian Electrode,Electric/Grass,60,50,70,80,80,150,490
145,101,Electrode,Electric,60,50,70,80,80,150,490
146,102,Exeggcute,Grass/Psychic,60,40,80,60,45,40,325
147,103,Alolan Exeggutor,Grass/Dragon,95,105,85,125,75,45,530
148,103,Exeggutor,Grass/Psychic,95,95,85,125,75,55,530
149,104,Cubone,Ground,50,50,95,40,50,35,320
150,105,Alolan Marowak,Fire/Ghost,60,80,110,50,80,45,425
151,105,Marowak,Ground,60,80,110,50,80,45,425
152,106,Hitmonlee,Fighting,50,120,53,35,110,87,455
153,107,Hitmonchan,Fighting,50,105,79,35,110,76,455
154,108,Lickitung,Normal,90,55,75,60,75,30,385
155,109,Koffing,Poison,40,65,95,60,45,35,340
156,110,Galarian Weezing,Poison/Fairy,65,90,120,85,70,60,490
157,110,Weezing,Poison,65,90,120,85,70,60,490
158,111,Rhyhorn,Ground/Rock,80,85,95,30,30,25,345
159,112,Rhydon,Ground/Rock,105,130,120,45,45,40,485
160,113,Chansey,Normal,250,5,5,35,105,50,450
161,114,Tangela,Grass,65,55,115,100,40,60,435
162,115,Kangaskhan,Normal,105,95,80,40,80,90,490
163,116,Mega Kangaskhan,Normal,105,125,100,60,100,100,590
164,117,Horsea,Water,30,40,70,70,25,60,295
165,118,Seadra,Water,55,65,95,95,45,85,440
166,119,Goldeen,Water,45,67,60,35,50,63,320
167,120,Seaking,Water,80,92,65,65,80,68,450
168,121,Staryu,Water,30,45,55,70,55,85,340
169,122,Starmie,Water/Psychic,60,75,85,100,85,115,520
170,123,Galarian Mr. Mime,Ice/Psychic,50,65,65,90,90,100,460
171,124,Mr. Mime,Psychic/Fairy,40,45,65,100,120,90,460
172,125,Scyther,Bug/Flying,70,110,80,55,80,105,500
173,126,Jynx,Ice/Psychic,65,50,35,115,95,95,455
174,127,Electabuzz,Electric,65,83,57,95,85,105,490
175,128,Magmar,Fire,65,95,57,100,85,93,495
176,129,Mega Pinsir,Bug/Flying,65,155,120,65,90,105,600
177,130,Pinsir,Bug,65,125,100,55,70,85,500
178,131,Tauros Aqua Breed,Fighting/Water,75,110,105,30,70,100,490
179,132,Tauros Blaze Breed,Fighting/Fire,75,110,105,30,70,100,490
180,133,Tauros Combat Breed,Fighting,75,110,105,30,70,100,490
181,134,Tauros,Normal,75,100,95,40,70,110,490
182,135,Magikarp,Water,20,10,55,15,20,80,200
183,136,Gyarados,Water/Flying,95,125,79,60,100,81,540
184,137,Mega Gyarados,Water/Dark,95,155,109,70,130,81,640
185,138,Lapras,Water/Ice,130,85,80,85,95,60,535
186,139,Ditto,Normal,48,48,48,48,48,48,288
187,140,Partner Eevee,Normal,65,75,70,65,85,75,435
188,141,Eevee,Normal,55,55,50,45,65,55,325
189,142,Vaporeon,Water,130,65,60,110,95,65,525
190,143,Jolteon,Electric,65,65,60,110,95,130,525
191,144,Flareon,Fire,65,130,60,95,110,65,525
192,145,Porygon,Normal,65,60,70,85,75,40,395
193,146,Omanyte,Rock/Water,35,40,100,90,55,35,355
194,147,Omastar,Rock/Water,70,60,125,115,70,55,495
195,148,Kabuto,Rock/Water,30,80,90,55,45,55,355
196,149,Kabutops,Rock/Water,60,115,105,65,70,80,495
197,150,Aerodactyl,Rock/Flying,80,105,65,60,75,130,515
198,151,Mega Aerodactyl,Rock/Flying,80,135,85,70,95,150,615
199,152,Snorlax,Normal,160,110,65,65,110,30,540
200,153,Galarian Articuno,Psychic/Flying,90,85,85,125,100,95,580
201,154,Articuno,Ice/Flying,90,85,100,95,125,85,580
202,155,Galarian Zapdos,Fighting/Flying,90,125,90,85,90,100,580
203,156,Zapdos,Electric/Flying,90,90,85,125,90,100,580
204,157,Galarian Moltres,Dark/Flying,90,85,90,100,125,90,580
205,158,Moltres,Fire/Flying,90,100,90,125,85,90,580
206,159,Dratini,Dragon,41,64,45,50,50,50,300
207,160,Dragonair,Dragon,61,84,65,70,70,70,420
208,161,Dragonite,Dragon/Flying,91,134,95,100,100,80,600
209,162,Mega Mewtwo X,Psychic/Fighting,106,190,100,154,100,130,780
210,163,Mega Mewtwo Y,Psychic,106,150,70,194,120,140,780
211,164,Mewtwo,Psychic,106,110,90,154,90,130,680
212,165,Mew,Psychic,100,100,100,100,100,100,600
213,166,Chikorita,Grass,45,49,65,49,65,45,318
214,167,Bayleef,Grass,60,62,80,63,80,60,405
215,168,Meganium,Grass,80,82,100,83,100,80,525
216,169,Cyndaquil,Fire,39,52,43,60,50,65,309
217,170,Quilava,Fire,58,64,58,80,65,80,405
218,171,Hisuian Typhlosion,Fire/Ghost,73,84,78,119,85,95,534
219,172,Typhlosion,Fire,78,84,78,109,85,100,534
220,173,Totodile,Water,50,65,64,44,48,43,314
221,174,Croconaw,Water,65,80,80,59,63,58,405
222,175,Feraligatr,Water,85,105,100,79,83,78,530
223,176,Sentret,Normal,35,46,34,35,45,20,215
224,177,Furret,Normal,85,76,64,45,55,90,415
225,178,Hoothoot,Normal/Flying,60,30,30,36,56,50,262
226,179,Noctowl,Normal/Flying,100,50,50,86,96,70,452
227,180,Ledyba,Bug/Flying,40,20,30,40,80,55,265
228,181,Ledian,Bug/Flying,55,35,50,55,110,85,390
229,182,Spinarak,Bug/Poison,40,60,40,40,40,30,250
230,183,Ariados,Bug/Poison,70,90,70,60,70,40,400
231,184,Crobat,Poison/Flying,85,90,80,70,80,130,535
232,185,Chinchou,Water/Electric,75,38,38,56,56,67,330
233,186,Lanturn,Water/Electric,125,58,58,76,76,67,460
234,187,Pichu,Electric,20,40,15,35,35,60,205
235,188,Cleffa,Fairy,50,25,28,45,55,15,218
236,189,Igglybuff,Normal/Fairy,90,30,15,40,20,15,210
237,190,Togepi,Fairy,35,20,65,40,65,20,245
238,191,Togetic,Fairy/Flying,55,40,85,80,105,40,405
239,192,Natu,Psychic/Flying,40,50,45,70,45,70,320
240,193,Xatu,Psychic/Flying,65,75,70,95,70,95,470
241,194,Mareep,Electric,55,40,40,65,45,35,280
242,195,Flaaffy,Electric,70,55,55,80,60,45,365
243,196,Ampharos,Electric,90,75,85,115,90,55,510
244,197,Mega Ampharos,Electric/Dragon,90,95,105,165,110,45,610
245,198,Bellossom,Grass,75,80,95,90,100,50,490
246,199,Marill,Water/Fairy,70,20,50,20,50,40,250
247,200,Azumarill,Water/Fairy,100,50,80,60,80,50,420
248,201,Sudowoodo,Rock,70,100,115,30,65,30,410
249,202,Politoed,Water,90,75,75,90,100,70,500
250,203,Hoppip,Grass/Flying,35,35,40,35,55,50,250
251,204,Skiploom,Grass/Flying,55,45,50,45,65,80,340
252,205,Jumpluff,Grass/Flying,75,55,70,55,95,110,460
253,206,Aipom,Normal,55,70,55,40,55,85,360
254,207,Sunkern,Grass,30,30,30,30,30,30,180
255,208,Sunflora,Grass,75,75,55,105,85,30,425
256,209,Yanma,Bug/Flying,65,65,45,75,45,95,390
257,210,Paldean Wooper,Poison/Ground,55,45,45,25,25,15,210
258,211,Wooper,Water/Ground,55,45,45,25,25,15,210
259,212,Quagsire,Water/Ground,95,85,85,65,65,35,430
260,213,Espeon,Psychic,65,65,60,130,95,110,525
261,214,Umbreon,Dark,95,65,110,60,130,65,525
262,215,Murkrow,Dark/Flying,60,85,42,85,42,91,405
263,216,Galarian Slowking,Poison/Psychic,95,65,80,110,110,30,490
264,217,Slowking,Water/Psychic,95,75,80,100,110,30,490
265,218,Misdreavus,Ghost,60,60,60,85,85,85,435
266,219,Unown,Psychic,48,72,48,72,48,48,336
267,220,Wobbuffet,Psychic,190,33,58,33,58,33,405
268,221,Girafarig,Normal/Psychic,70,80,65,90,65,85,455
269,222,Pineco,Bug,50,65,90,35,35,15,290
270,223,Forretress,Bug/Steel,75,90,140,60,60,40,465
271,224,Dunsparce,Normal,100,70,70,65,65,45,415
272,225,Gligar,Ground/Flying,65,75,105,35,65,85,430
273,226,Mega Steelix,Steel/Ground,75,125,230,55,95,30,610
274,227,Steelix,Steel/Ground,75,85,200,55,65,30,510
275,228,Snubbull,Fairy,60,80,50,40,40,30,300
276,229,Granbull,Fairy,90,120,75,60,60,45,450
277,230,Hisuian Qwilfish,Dark/Poison,65,95,85,55,55,85,440
278,231,Qwilfish,Water/Poison,65,95,85,55,55,85,440
279,232,Mega Scizor,Bug/Steel,70,150,140,65,100,75,600
280,233,Scizor,Bug/Steel,70,130,100,55,80,65,500
281,234,Shuckle,Bug/Rock,20,10,230,10,230,5,505
282,235,Heracross,Bug/Fighting,80,125,75,40,95,85,500
283,236,Mega Heracross,Bug/Fighting,80,185,115,40,105,75,600
284,237,Hisuian Sneasel,Fighting/Poison,55,95,55,35,75,115,430
285,238,Sneasel,Dark/Ice,55,95,55,35,75,115,430
286,239,Teddiursa,Normal,60,80,50,50,50,40,330
287,240,Ursaring,Normal,90,130,75,75,75,55,500
288,241,Slugma,Fire,40,40,40,70,40,20,250
289,242,Magcargo,Fire/Rock,60,50,120,90,80,30,430
290,243,Swinub,Ice/Ground,50,50,40,30,30,50,250
291,244,Piloswine,Ice/Ground,100,100,80,60,60,50,450
292,245,Corsola Galarian Corsola,Ghost,60,55,100,65,100,30,410
293,246,Corsola,Water/Rock,65,55,95,65,95,35,410
294,247,Remoraid,Water,35,65,35,65,35,65,300
295,248,Octillery,Water,75,105,75,105,75,45,480
296,249,Delibird,Ice/Flying,45,55,45,65,45,75,330
297,250,Mantine,Water/Flying,85,40,70,80,140,70,485
298,251,Skarmory,Steel/Flying,65,80,140,40,70,70,465
299,252,Houndour,Dark/Fire,45,60,30,80,50,65,330
300,253,Houndoom,Dark/Fire,75,90,50,110,80,95,500
301,254,Mega Houndoom,Dark/Fire,75,90,90,140,90,115,600
302,255,Kingdra,Water/Dragon,75,95,95,95,95,85,540
303,256,Phanpy,Ground,90,60,60,40,40,40,330
304,257,Donphan,Ground,90,120,120,60,60,50,500
305,258,Porygon2,Normal,85,80,90,105,95,60,515
306,259,Stantler,Normal,73,95,62,85,65,85,465
307,260,Smeargle,Normal,55,20,35,20,45,75,250
308,261,Tyrogue,Fighting,35,35,35,35,35,35,210
309,262,Hitmontop,Fighting,50,95,95,35,110,70,455
310,263,Smoochum,Ice/Psychic,45,30,15,85,65,65,305
311,264,Elekid,Electric,45,63,37,65,55,95,360
312,265,Magby,Fire,45,75,37,70,55,83,365
313,266,Miltank,Normal,95,80,105,40,70,100,490
314,267,Blissey,Normal,255,10,10,75,135,55,540
315,268,Raikou,Electric,90,85,75,115,100,115,580
316,269,Entei,Fire,115,115,85,90,75,100,580
317,270,Suicune,Water,100,75,115,90,115,85,580
318,271,Larvitar,Rock/Ground,50,64,50,45,50,41,300
319,272,Pupitar,Rock/Ground,70,84,70,65,70,51,410
320,273,Mega Tyranitar,Rock/Dark,100,164,150,95,120,71,700
321,274,Tyranitar,Rock/Dark,100,134,110,95,100,61,600
322,275,Lugia,Psychic/Flying,106,90,130,90,154,110,680
323,276,Ho-oh,Fire/Flying,106,130,90,110,154,90,680
324,277,Celebi,Psychic/Grass,100,100,100,100,100,100,600
325,278,Treecko,Grass,40,45,35,65,55,70,310
326,279,Grovyle,Grass,50,65,45,85,65,95,405
327,280,Mega Sceptile,Grass/Dragon,70,110,75,145,85,145,630
328,281,Sceptile,Grass,70,85,65,105,85,120,530
329,282,Torchic,Fire,45,60,40,70,50,45,310
330,283,Combusken,Fire/Fighting,60,85,60,85,60,55,405
331,284,Blaziken,Fire/Fighting,80,120,70,110,70,80,530
332,285,Mega Blaziken,Fire/Fighting,80,160,80,130,80,100,630
333,286,Mudkip,Water,50,70,50,50,50,40,310
334,287,Marshtomp,Water/Ground,70,85,70,60,70,50,405
335,288,Mega Swampert,Water/Ground,100,150,110,95,110,70,635
336,289,Swampert,Water/Ground,100,110,90,85,90,60,535
337,290,Poochyena,Dark,35,55,35,30,30,35,220
338,291,Mightyena,Dark,70,90,70,60,60,70,420
339,292,Zigzagoon Galarian Zigzagoon,Dark/Normal,38,30,41,30,41,60,240
340,293,Zigzagoon,Normal,38,30,41,30,41,60,240
341,294,Linoone Galarian Linoone,Dark/Normal,78,70,61,50,61,100,420
342,295,Linoone,Normal,78,70,61,50,61,100,420
343,296,Wurmple,Bug,45,45,35,20,30,20,195
344,297,Silcoon,Bug,50,35,55,25,25,15,205
345,298,Beautifly,Bug/Flying,60,70,50,100,50,65,395
346,299,Cascoon,Bug,50,35,55,25,25,15,205
347,300,Dustox,Bug/Poison,60,50,70,50,90,65,385
348,301,Lotad,Water/Grass,40,30,30,40,50,30,220
349,302,Lombre,Water/Grass,60,50,50,60,70,50,340
350,303,Ludicolo,Water/Grass,80,70,70,90,100,70,480
351,304,Seedot,Grass,40,40,50,30,30,30,220
352,305,Nuzleaf,Grass/Dark,70,70,40,60,40,60,340
353,306,Shiftry,Grass/Dark,90,100,60,90,60,80,480
354,307,Taillow,Normal/Flying,40,55,30,30,30,85,270
355,308,Swellow,Normal/Flying,60,85,60,75,50,125,455
356,309,Wingull,Water/Flying,40,30,30,55,30,85,270
357,310,Pelipper,Water/Flying,60,50,100,95,70,65,440
358,311,Ralts,Psychic/Fairy,28,25,25,45,35,40,198
359,312,Kirlia,Psychic/Fairy,38,35,35,65,55,50,278
360,313,Gardevoir,Psychic/Fairy,68,65,65,125,115,80,518
361,314,Mega Gardevoir,Psychic/Fairy,68,85,65,165,135,100,618
362,315,Surskit,Bug/Water,40,30,32,50,52,65,269
363,316,Masquerain,Bug/Flying,70,60,62,100,82,80,454
364,317,Shroomish,Grass,60,40,60,40,60,35,295
365,318,Breloom,Grass/Fighting,60,130,80,60,60,70,460
366,319,Slakoth,Normal,60,60,60,35,35,30,280
367,320,Vigoroth,Normal,80,80,80,55,55,90,440
368,321,Slaking,Normal,150,160,100,95,65,100,670
369,322,Nincada,Bug/Ground,31,45,90,30,30,40,266
370,323,Ninjask,Bug/Flying,61,90,45,50,50,160,456
371,324,Shedinja,Bug/Ghost,1,90,45,30,30,40,236
372,325,Whismur,Normal,64,51,23,51,23,28,240
373,326,Loudred,Normal,84,71,43,71,43,48,360
374,327,Exploud,Normal,104,91,63,91,73,68,490
375,328,Makuhita,Fighting,72,60,30,20,30,25,237
376,329,Hariyama,Fighting,144,120,60,40,60,50,474
377,330,Azurill,Normal/Fairy,50,20,40,20,40,20,190
378,331,Nosepass,Rock,30,45,135,45,90,30,375
379,332,Skitty,Normal,50,45,45,35,35,50,260
380,333,Delcatty,Normal,70,65,65,55,55,90,400
381,334,Mega Sableye,Dark/Ghost,50,85,125,85,115,20,480
382,335,Sableye,Dark/Ghost,50,75,75,65,65,50,380
383,336,Mawile,Steel/Fairy,50,85,85,55,55,50,380
384,337,Mega Mawile,Steel/Fairy,50,105,125,55,95,50,480
385,338,Aron,Steel/Rock,50,70,100,40,40,30,330
386,339,Lairon,Steel/Rock,60,90,140,50,50,40,430
387,340,Aggron,Steel/Rock,70,110,180,60,60,50,530
388,341,Mega Aggron,Steel,70,140,230,60,80,50,630
389,342,Meditite,Fighting/Psychic,30,40,55,40,55,60,280
390,343,Medicham,Fighting/Psychic,60,60,75,60,75,80,410
391,344,Mega Medicham,Fighting/Psychic,60,100,85,80,85,100,510
392,345,Electrike,Electric,40,45,40,65,40,65,295
393,346,Manectric,Electric,70,75,60,105,60,105,475
394,347,Mega Manectric,Electric,70,75,80,135,80,135,575
395,348,Plusle,Electric,60,50,40,85,75,95,405
396,349,Minun,Electric,60,40,50,75,85,95,405
397,350,Volbeat,Bug,65,73,75,47,85,85,430
398,351,Illumise,Bug,65,47,75,73,85,85,430
399,352,Roselia,Grass/Poison,50,60,45,100,80,65,400
400,353,Gulpin,Poison,70,43,53,43,53,40,302
401,354,Swalot,Poison,100,73,83,73,83,55,467
402,355,Carvanha,Water/Dark,45,90,20,65,20,65,305
403,356,Mega Sharpedo,Water/Dark,70,140,70,110,65,105,560
404,357,Sharpedo,Water/Dark,70,120,40,95,40,95,460
405,358,Wailmer,Water,130,70,35,70,35,60,400
406,359,Wailord,Water,170,90,45,90,45,60,500
407,360,Numel,Fire/Ground,60,60,40,65,45,35,305
408,361,Camerupt,Fire/Ground,70,100,70,105,75,40,460
409,362,Mega Camerupt,Fire/Ground,70,120,100,145,105,20,560
410,363,Torkoal,Fire,70,85,140,85,70,20,470
411,364,Spoink,Psychic,60,25,35,70,80,60,330
412,365,Grumpig,Psychic,80,45,65,90,110,80,470
413,366,Spinda,Normal,60,60,60,60,60,60,360
414,367,Trapinch,Ground,45,100,45,45,45,10,290
415,368,Vibrava,Ground/Dragon,50,70,50,50,50,70,340
416,369,Flygon,Ground/Dragon,80,100,80,80,80,100,520
417,370,Cacnea,Grass,50,85,40,85,40,35,335
418,371,Cacturne,Grass/Dark,70,115,60,115,60,55,475
419,372,Swablu,Normal/Flying,45,40,60,40,75,50,310
420,373,Altaria,Dragon/Flying,75,70,90,70,105,80,490
421,374,Mega Altaria,Dragon/Fairy,75,110,110,110,105,80,590
422,375,Zangoose,Normal,73,115,60,60,60,90,458
423,376,Seviper,Poison,73,100,60,100,60,65,458
424,377,Lunatone,Rock/Psychic,90,55,65,95,85,70,460
425,378,Solrock,Rock/Psychic,90,95,85,55,65,70,460
426,379,Barboach,Water/Ground,50,48,43,46,41,60,288
427,380,Whiscash,Water/Ground,110,78,73,76,71,60,468
428,381,Corphish,Water,43,80,65,50,35,35,308
429,382,Crawdaunt,Water/Dark,63,120,85,90,55,55,468
430,383,Baltoy,Ground/Psychic,40,40,55,40,70,55,300
431,384,Claydol,Ground/Psychic,60,70,105,70,120,75,500
432,385,Lileep,Rock/Grass,66,41,77,61,87,23,355
433,386,Cradily,Rock/Grass,86,81,97,81,107,43,495
434,387,Anorith,Rock/Bug,45,95,50,40,50,75,355
435,388,Armaldo,Rock/Bug,75,125,100,70,80,45,495
436,389,Feebas,Water,20,15,20,10,55,80,200
437,390,Milotic,Water,95,60,79,100,125,81,540
438,391,Castform Rainy Form,Water,70,70,70,70,70,70,420
439,392,Castform Snowy Form,Ice,70,70,70,70,70,70,420
440,393,Castform Sunny Form,Fire,70,70,70,70,70,70,420
441,394,Castform,Normal,70,70,70,70,70,70,420
442,395,Kecleon,Normal,60,90,70,60,120,40,440
443,396,Shuppet,Ghost,44,75,35,63,33,45,295
444,397,Banette,Ghost,64,115,65,83,63,65,455
445,398,Mega Banette,Ghost,64,165,75,93,83,75,555
446,399,Duskull,Ghost,20,40,90,30,90,25,295
447,400,Dusclops,Ghost,40,70,130,60,130,25,455
448,401,Tropius,Grass/Flying,99,68,83,72,87,51,460
449,402,Chimecho,Psychic,75,50,80,95,90,65,455
450,403,Absol,Dark,65,130,60,75,60,75,465
451,404,Mega Absol,Dark,65,150,60,115,60,115,565
452,405,Wynaut,Psychic,95,23,48,23,48,23,260
453,406,Snorunt,Ice,50,50,50,50,50,50,300
454,407,Glalie,Ice,80,80,80,80,80,80,480
455,408,Mega Glalie,Ice,80,120,80,120,80,100,580
456,409,Spheal,Ice/Water,70,40,50,55,50,25,290
457,410,Sealeo,Ice/Water,90,60,70,75,70,45,410
458,411,Walrein,Ice/Water,110,80,90,95,90,65,530
459,412,Clamperl,Water,35,64,85,74,55,32,345
460,413,Huntail,Water,55,104,105,94,75,52,485
461,414,Gorebyss,Water,55,84,105,114,75,52,485
462,415,Relicanth,Water/Rock,100,90,130,45,65,55,485
463,416,Luvdisc,Water,43,30,55,40,65,97,330
464,417,Bagon,Dragon,45,75,60,40,30,50,300
465,418,Shelgon,Dragon,65,95,100,60,50,50,420
466,419,Mega Salamence,Dragon/Flying,95,145,130,120,90,120,700
467,420,Salamence,Dragon/Flying,95,135,80,110,80,100,600
468,421,Beldum,Steel/Psychic,40,55,80,35,60,30,300
469,422,Metang,Steel/Psychic,60,75,100,55,80,50,420
470,423,Mega Metagross,Steel/Psychic,80,145,150,105,110,110,700
471,424,Metagross,Steel/Psychic,80,135,130,95,90,70,600
472,425,Regirock,Rock,80,100,200,50,100,50,580
473,426,Regice,Ice,80,50,100,100,200,50,580
474,427,Registeel,Steel,80,75,150,75,150,50,580
475,428,Latias,Dragon/Psychic,80,80,90,110,130,110,600
476,429,Mega Latias,Dragon/Psychic,80,100,120,140,150,110,700
477,430,Latios,Dragon/Psychic,80,90,80,130,110,110,600
478,431,Mega Latios,Dragon/Psychic,80,130,100,160,120,110,700
479,432,Kyogre Primal Kyogre,Water,100,150,90,180,160,90,770
480,433,Kyogre,Water,100,100,90,150,140,90,670
481,434,Groudon Primal Groudon,Ground/Fire,100,180,160,150,90,90,770
482,435,Groudon,Ground,100,150,140,100,90,90,670
483,436,Mega Rayquaza,Dragon/Flying,105,180,100,180,100,115,780
484,437,Rayquaza,Dragon/Flying,105,150,90,150,90,95,680
485,438,Jirachi,Steel/Psychic,100,100,100,100,100,100,600
486,439,Deoxys Attack Forme,Psychic,50,180,20,180,20,150,600
487,440,Deoxys Defense Forme,Psychic,50,70,160,70,160,90,600
488,441,Deoxys Forme,Normal/Psychic,50,150,50,150,50,150,600
489,442,Deoxys Speed Forme,Psychic,50,95,90,95,90,180,600
490,443,Turtwig,Grass,55,68,64,45,55,31,318
491,444,Grotle,Grass,75,89,85,55,65,36,405
492,445,Torterra,Grass/Ground,95,109,105,75,85,56,525
493,446,Chimchar,Fire,44,58,44,58,44,61,309
494,447,Monferno,Fire/Fighting,64,78,52,78,52,81,405
495,448,Infernape,Fire/Fighting,76,104,71,104,71,108,534
496,449,Piplup,Water,53,51,53,61,56,40,314
497,450,Prinplup,Water,64,66,68,81,76,50,405
498,451,Empoleon,Water/Steel,84,86,88,111,101,60,530
499,452,Starly,Normal/Flying,40,55,30,30,30,60,245
500,453,Staravia,Normal/Flying,55,75,50,40,40,80,340
501,454,Staraptor,Normal/Flying,85,120,70,50,60,100,485
502,455,Bidoof,Normal,59,45,40,35,40,31,250
503,456,Bibarel,Normal/Water,79,85,60,55,60,71,410
504,457,Kricketot,Bug,37,25,41,25,41,25,194
505,458,Kricketune,Bug,77,85,51,55,51,65,384
506,459,Shinx,Electric,45,65,34,40,34,45,263
507,460,Luxio,Electric,60,85,49,60,49,60,363
508,461,Luxray,Electric,80,120,79,95,79,70,523
509,462,Budew,Grass/Poison,40,30,35,50,70,55,280
510,463,Roserade,Grass/Poison,60,70,65,125,105,90,515
511,464,Cranidos,Rock,67,125,40,30,30,58,350
512,465,Rampardos,Rock,97,165,60,65,50,58,495
513,466,Shieldon,Rock/Steel,30,42,118,42,88,30,350
514,467,Bastiodon,Rock/Steel,60,52,168,47,138,30,495
515,468,Burmy Plant Cloak,Bug,40,29,45,29,45,36,224
516,469,Burmy Sandy Cloak,Bug,40,29,45,29,45,36,224
517,470,Burmy Trash Cloak,Bug,40,29,45,29,45,36,224
518,471,Wormadam Plant Cloak,Bug/Grass,60,59,85,79,105,36,424
519,472,Wormadam Sandy Cloak,Bug/Ground,60,79,105,59,85,36,424
520,473,Wormadam Trash Cloak,Bug/Steel,60,69,95,69,95,36,424
521,474,Mothim,Bug/Flying,70,94,50,94,50,66,424
522,475,Combee,Bug/Flying,30,30,42,30,42,70,244
523,476,Vespiquen,Bug/Flying,70,80,102,80,102,40,474
524,477,Pachirisu,Electric,60,45,70,45,90,95,405
525,478,Buizel,Water,55,65,35,60,30,85,330
526,479,Floatzel,Water,85,105,55,85,50,115,495
527,480,Cherubi,Grass,45,35,45,62,53,35,275
528,481,Cherrim,Grass,70,60,70,87,78,85,450
529,482,Shellos,Water,76,48,48,57,62,34,325
530,483,Gastrodon,Water/Ground,111,83,68,92,82,39,475
531,484,Ambipom,Normal,75,100,66,60,66,115,482
532,485,Drifloon,Ghost/Flying,90,50,34,60,44,70,348
533,486,Drifblim,Ghost/Flying,150,80,44,90,54,80,498
534,487,Buneary,Normal,55,66,44,44,56,85,350
535,488,Lopunny,Normal,65,76,84,54,96,105,480
536,489,Mega Lopunny,Normal/Fighting,65,136,94,54,96,135,580
537,490,Mismagius,Ghost,60,60,60,105,105,105,495
538,491,Honchkrow,Dark/Flying,100,125,52,105,52,71,505
539,492,Glameow,Normal,49,55,42,42,37,85,310
540,493,Purugly,Normal,71,82,64,64,59,112,452
541,494,Chingling,Psychic,45,30,50,65,50,45,285
542,495,Stunky,Poison/Dark,63,63,47,41,41,74,329
543,496,Skuntank,Poison/Dark,103,93,67,71,61,84,479
544,497,Bronzor,Steel/Psychic,57,24,86,24,86,23,300
545,498,Bronzong,Steel/Psychic,67,89,116,79,116,33,500
546,499,Bonsly,Rock,50,80,95,10,45,10,290
547,500,Mime Jr.,Psychic/Fairy,20,25,45,70,90,60,310
548,501,Happiny,Normal,100,5,5,15,65,30,220
549,502,Chatot,Normal/Flying,76,65,45,92,42,91,411
550,503,Spiritomb,Ghost/Dark,50,92,108,92,108,35,485
551,504,Gible,Dragon/Ground,58,70,45,40,45,42,300
552,505,Gabite,Dragon/Ground,68,90,65,50,55,82,410
553,506,Garchomp,Dragon/Ground,108,130,95,80,85,102,600
554,507,Mega Garchomp,Dragon/Ground,108,170,115,120,95,92,700
555,508,Munchlax,Normal,135,85,40,40,85,5,390
556,509,Riolu,Fighting,40,70,40,35,40,60,285
557,510,Lucario,Fighting/Steel,70,110,70,115,70,90,525
558,511,Mega Lucario,Fighting/Steel,70,145,88,140,70,112,625
559,512,Hippopotas,Ground,68,72,78,38,42,32,330
560,513,Hippowdon,Ground,108,112,118,68,72,47,525
561,514,Skorupi,Poison/Bug,40,50,90,30,55,65,330
562,515,Drapion,Poison/Dark,70,90,110,60,75,95,500
563,516,Croagunk,Poison/Fighting,48,61,40,61,40,50,300
564,517,Toxicroak,Poison/Fighting,83,106,65,86,65,85,490
565,518,Carnivine,Grass,74,100,72,90,72,46,454
566,519,Finneon,Water,49,49,56,49,61,66,330
567,520,Lumineon,Water,69,69,76,69,86,91,460
568,521,Mantyke,Water/Flying,45,20,50,60,120,50,345
569,522,Snover,Grass/Ice,60,62,50,62,60,40,334
570,523,Abomasnow,Grass/Ice,90,92,75,92,85,60,494
571,524,Mega Abomasnow,Grass/Ice,90,132,105,132,105,30,594
572,525,Weavile,Dark/Ice,70,120,65,45,85,125,510
573,526,Magnezone,Electric/Steel,70,70,115,130,90,60,535
574,527,Lickilicky,Normal,110,85,95,80,95,50,515
575,528,Rhyperior,Ground/Rock,115,140,130,55,55,40,535
576,529,Tangrowth,Grass,100,100,125,110,50,50,535
577,530,Electivire,Electric,75,123,67,95,85,95,540
578,531,Magmortar,Fire,75,95,67,125,95,83,540
579,532,Togekiss,Fairy/Flying,85,50,95,120,115,80,545
580,533,Yanmega,Bug/Flying,86,76,86,116,56,95,515
581,534,Leafeon,Grass,65,110,130,60,65,95,525
582,535,Glaceon,Ice,65,60,110,130,95,65,525
583,536,Gliscor,Ground/Flying,75,95,125,45,75,95,510
584,537,Mamoswine,Ice/Ground,110,130,80,70,60,80,530
585,538,Porygon-Z,Normal,85,80,70,135,75,90,535
586,539,Gallade,Psychic/Fighting,68,125,65,65,115,80,518
587,540,Mega Gallade,Psychic/Fighting,68,165,95,65,115,110,618
588,541,Probopass,Rock/Steel,60,55,145,75,150,40,525
589,542,Dusknoir,Ghost,45,100,135,65,135,45,525
590,543,Froslass,Ice/Ghost,70,80,70,80,70,110,480
591,544,Rotom Fan Rotom,Electric/Flying,50,65,107,105,107,86,520
592,545,Rotom Frost Rotom,Electric/Ice,50,65,107,105,107,86,520
593,546,Rotom Heat Rotom,Electric/Fire,50,65,107,105,107,86,520
594,547,Rotom Mow Rotom,Electric/Grass,50,65,107,105,107,86,520
595,548,Rotom Wash Rotom,Electric/Water,50,65,107,105,107,86,520
596,549,Rotom,Electric/Ghost,50,50,77,95,77,91,440
597,550,Uxie,Psychic,75,75,130,75,130,95,580
598,551,Mesprit,Psychic,80,105,105,105,105,80,580
599,552,Azelf,Psychic,75,125,70,125,70,115,580
600,553,Dialga Origin Forme,Steel/Dragon,100,100,120,150,120,90,680
601,554,Dialga,Steel/Dragon,100,120,120,150,100,90,680
602,555,Palkia Origin Forme,Water/Dragon,90,100,100,150,120,120,680
603,556,Palkia,Water/Dragon,90,120,100,150,120,100,680
604,557,Heatran,Fire/Steel,91,90,106,130,106,77,600
605,558,Regigigas,Normal,110,160,110,80,110,100,670
606,559,Giratina Altered Forme,Ghost/Dragon,150,100,120,100,120,90,680
607,560,Giratina Origin Forme,Ghost/Dragon,150,120,100,120,100,90,680
608,561,Cresselia,Psychic,120,70,110,75,120,85,580
609,562,Phione,Water,80,80,80,80,80,80,480
610,563,Manaphy,Water,100,100,100,100,100,100,600
611,564,rai,Dark,70,90,90,135,90,125,600
612,565,Shaymin Land Forme,Grass,100,100,100,100,100,100,600
613,566,Shaymin Sky Forme,Grass/Flying,100,103,75,120,75,127,600
614,567,Arceus,Normal,120,120,120,120,120,120,720
615,568,Victini,Psychic/Fire,100,100,100,100,100,100,600
616,569,Snivy,Grass,45,45,55,45,55,63,308
617,570,Servine,Grass,60,60,75,60,75,83,413
618,571,Serperior,Grass,75,75,95,75,95,113,528
619,572,Tepig,Fire,65,63,45,45,45,45,308
620,573,Pignite,Fire/Fighting,90,93,55,70,55,55,418
621,574,Emboar,Fire/Fighting,110,123,65,100,65,65,528
622,575,Oshawott,Water,55,55,45,63,45,45,308
623,576,Dewott,Water,75,75,60,83,60,60,413
624,577,Samurott Hisuian Samurott,Water/Dark,90,108,80,100,65,85,528
625,578,Samurott,Water,95,100,85,108,70,70,528
626,579,Patrat,Normal,45,55,39,35,39,42,255
627,580,Watchog,Normal,60,85,69,60,69,77,420
628,581,Lillipup,Normal,45,60,45,25,45,55,275
629,582,Herdier,Normal,65,80,65,35,65,60,370
630,583,Stoutland,Normal,85,110,90,45,90,80,500
631,584,Purrloin,Dark,41,50,37,50,37,66,281
632,585,Liepard,Dark,64,88,50,88,50,106,446
633,586,Pansage,Grass,50,53,48,53,48,64,316
634,587,Simisage,Grass,75,98,63,98,63,101,498
635,588,Pansear,Fire,50,53,48,53,48,64,316
636,589,Simisear,Fire,75,98,63,98,63,101,498
637,590,Panpour,Water,50,53,48,53,48,64,316
638,591,Simipour,Water,75,98,63,98,63,101,498
639,592,Munna,Psychic,76,25,45,67,55,24,292
640,593,Musharna,Psychic,116,55,85,107,95,29,487
641,594,Pidove,Normal/Flying,50,55,50,36,30,43,264
642,595,Tranquill,Normal/Flying,62,77,62,50,42,65,358
643,596,Unfezant,Normal/Flying,80,115,80,65,55,93,488
644,597,Blitzle,Electric,45,60,32,50,32,76,295
645,598,Zebstrika,Electric,75,100,63,80,63,116,497
646,599,Roggenrola,Rock,55,75,85,25,25,15,280
647,600,Boldore,Rock,70,105,105,50,40,20,390
648,601,Gigalith,Rock,85,135,130,60,80,25,515
649,602,Woobat,Psychic/Flying,65,45,43,55,43,72,323
650,603,Swoobat,Psychic/Flying,67,57,55,77,55,114,425
651,604,Drilbur,Ground,60,85,40,30,45,68,328
652,605,Excadrill,Ground/Steel,110,135,60,50,65,88,508
653,606,Audino,Normal,103,60,86,60,86,50,445
654,607,Mega Audino,Normal/Fairy,103,60,126,80,126,50,545
655,608,Timburr,Fighting,75,80,55,25,35,35,305
656,609,Gurdurr,Fighting,85,105,85,40,50,40,405
657,610,Conkeldurr,Fighting,105,140,95,55,65,45,505
658,611,Tympole,Water,50,50,40,50,40,64,294
659,612,Palpitoad,Water/Ground,75,65,55,65,55,69,384
660,613,Seismitoad,Water/Ground,105,95,75,85,75,74,509
661,614,Throh,Fighting,120,100,85,30,85,45,465
662,615,Sawk,Fighting,75,125,75,30,75,85,465
663,616,Sewaddle,Bug/Grass,45,53,70,40,60,42,310
664,617,Swadloon,Bug/Grass,55,63,90,50,80,42,380
665,618,Leavanny,Bug/Grass,75,103,80,70,80,92,500
666,619,Venipede,Bug/Poison,30,45,59,30,39,57,260
667,620,Whirlipede,Bug/Poison,40,55,99,40,79,47,360
668,621,Scolipede,Bug/Poison,60,100,89,55,69,112,485
669,622,Cottonee,Grass/Fairy,40,27,60,37,50,66,280
670,623,Whimsicott,Grass/Fairy,60,67,85,77,75,116,480
671,624,Petilil,Grass,45,35,50,70,50,30,280
672,625,Lilligant Hisuian Lilligant,Grass/Fighting,70,105,75,50,75,105,480
673,626,Lilligant,Grass,70,60,75,110,75,90,480
674,627,Basculin Blue-Striped Form,Water,70,92,65,80,55,98,460
675,628,Basculin Red-Striped Form,Water,70,92,65,80,55,98,460
676,629,Basculin White-Striped Form,Water,70,92,65,80,55,98,460
677,630,Sandile,Ground/Dark,50,72,35,35,35,65,292
678,631,Krokorok,Ground/Dark,60,82,45,45,45,74,351
679,632,Krookodile,Ground/Dark,95,117,80,65,70,92,519
680,633,Darumaka Galarian Darumaka,Ice,70,90,45,15,45,50,315
681,634,Darumaka,Fire,70,90,45,15,45,50,315
682,635,Darmanitan Galarian Standard Mode,Ice,105,140,55,30,55,95,480
683,636,Darmanitan Galarian Zen Mode,Ice/Fire,105,160,55,30,55,135,540
684,637,Darmanitan Standard Mode,Fire,105,140,55,30,55,95,480
685,638,Darmanitan Zen Mode,Fire/Psychic,105,30,105,140,105,55,540
686,639,Maractus,Grass,75,86,67,106,67,60,461
687,640,Dwebble,Bug/Rock,50,65,85,35,35,55,325
688,641,Crustle,Bug/Rock,70,105,125,65,75,45,485
689,642,Scraggy,Dark/Fighting,50,75,70,35,70,48,348
690,643,Scrafty,Dark/Fighting,65,90,115,45,115,58,488
691,644,Sigilyph,Psychic/Flying,72,58,80,103,80,97,490
692,645,Yamask Galarian Yamask,Ground/Ghost,38,55,85,30,65,30,303
693,646,Yamask,Ghost,38,30,85,55,65,30,303
694,647,Cofagrigus,Ghost,58,50,145,95,105,30,483
695,648,Tirtouga,Water/Rock,54,78,103,53,45,22,355
696,649,Carracosta,Water/Rock,74,108,133,83,65,32,495
697,650,Archen,Rock/Flying,55,112,45,74,45,70,401
698,651,Archeops,Rock/Flying,75,140,65,112,65,110,567
699,652,Trubbish,Poison,50,50,62,40,62,65,329
700,653,Garbodor,Poison,80,95,82,60,82,75,474
701,654,Zorua Hisuian Zorua,Normal/Ghost,35,60,40,85,40,70,330
702,655,Zorua,Dark,40,65,40,80,40,65,330
703,656,Zoroark Hisuian Zoroark,Normal/Ghost,60,105,60,120,60,105,510
704,657,Zoroark,Dark,60,105,60,120,60,105,510
705,658,Minccino,Normal,55,50,40,40,40,75,300
706,659,Cinccino,Normal,75,95,60,65,60,115,470
707,660,Gothita,Psychic,45,30,50,55,65,45,290
708,661,Gothorita,Psychic,60,45,70,75,85,55,390
709,662,Gothitelle,Psychic,70,55,95,95,110,65,490
710,663,Solosis,Psychic,45,30,40,105,50,20,290
711,664,Duosion,Psychic,65,40,50,125,60,30,370
712,665,Reuniclus,Psychic,110,65,75,125,85,30,490
713,666,Ducklett,Water/Flying,62,44,50,44,50,55,305
714,667,Swanna,Water/Flying,75,87,63,87,63,98,473
715,668,Vanillite,Ice,36,50,50,65,60,44,305
716,669,Vanillish,Ice,51,65,65,80,75,59,395
717,670,Vanilluxe,Ice,71,95,85,110,95,79,535
718,671,Deerling,Normal/Grass,60,60,50,40,50,75,335
719,672,Sawsbuck,Normal/Grass,80,100,70,60,70,95,475
720,673,Emolga,Electric/Flying,55,75,60,75,60,103,428
721,674,Karrablast,Bug,50,75,45,40,45,60,315
722,675,Escavalier,Bug/Steel,70,135,105,60,105,20,495
723,676,Foongus,Grass/Poison,69,55,45,55,55,15,294
724,677,Amoonguss,Grass/Poison,114,85,70,85,80,30,464
725,678,Frillish,Water/Ghost,55,40,50,65,85,40,335
726,679,Jellicent,Water/Ghost,100,60,70,85,105,60,480
727,680,Alomomola,Water,165,75,80,40,45,65,470
728,681,Joltik,Bug/Electric,50,47,50,57,50,65,319
729,682,Galvantula,Bug/Electric,70,77,60,97,60,108,472
730,683,Ferroseed,Grass/Steel,44,50,91,24,86,10,305
731,684,Ferrothorn,Grass/Steel,74,94,131,54,116,20,489
732,685,Klink,Steel,40,55,70,45,60,30,300
733,686,Klang,Steel,60,80,95,70,85,50,440
734,687,Klinklang,Steel,60,100,115,70,85,90,520
735,688,Tynamo,Electric,35,55,40,45,40,60,275
736,689,Eelektrik,Electric,65,85,70,75,70,40,405
737,690,Eelektross,Electric,85,115,80,105,80,50,515
738,691,Elgyem,Psychic,55,55,55,85,55,30,335
739,692,Beheeyem,Psychic,75,75,75,125,95,40,485
740,693,Litwick,Ghost/Fire,50,30,55,65,55,20,275
741,694,Lampent,Ghost/Fire,60,40,60,95,60,55,370
742,695,Chandelure,Ghost/Fire,60,55,90,145,90,80,520
743,696,Axew,Dragon,46,87,60,30,40,57,320
744,697,Fraxure,Dragon,66,117,70,40,50,67,410
745,698,Haxorus,Dragon,76,147,90,60,70,97,540
746,699,Cubchoo,Ice,55,70,40,60,40,40,305
747,700,Beartic,Ice,95,130,80,70,80,50,505
748,701,Cryogonal,Ice,80,50,50,95,135,105,515
749,702,Shelmet,Bug,50,40,85,40,65,25,305
750,703,Accelgor,Bug,80,70,40,100,60,145,495
751,704,Stunfisk Galarian Stunfisk,Ground/Steel,109,81,99,66,84,32,471
752,705,Stunfisk,Ground/Electric,109,66,84,81,99,32,471
753,706,Mienfoo,Fighting,45,85,50,55,50,65,350
754,707,Mienshao,Fighting,65,125,60,95,60,105,510
755,708,Druddigon,Dragon,77,120,90,60,90,48,485
756,709,Golett,Ground/Ghost,59,74,50,35,50,35,303
757,710,Golurk,Ground/Ghost,89,124,80,55,80,55,483
758,711,Pawniard,Dark/Steel,45,85,70,40,40,60,340
759,712,Bisharp,Dark/Steel,65,125,100,60,70,70,490
760,713,Bouffalant,Normal,95,110,95,40,95,55,490
761,714,Rufflet,Normal/Flying,70,83,50,37,50,60,350
762,715,Braviary Hisuian Braviary,Psychic/Flying,110,83,70,112,70,65,510
763,716,Braviary,Normal/Flying,100,123,75,57,75,80,510
764,717,Vullaby,Dark/Flying,70,55,75,45,65,60,370
765,718,Mandibuzz,Dark/Flying,110,65,105,55,95,80,510
766,719,Heatmor,Fire,85,97,66,105,66,65,484
767,720,Durant,Bug/Steel,58,109,112,48,48,109,484
768,721,Deino,Dark/Dragon,52,65,50,45,50,38,300
769,722,Zweilous,Dark/Dragon,72,85,70,65,70,58,420
770,723,Hydreigon,Dark/Dragon,92,105,90,125,90,98,600
771,724,Larvesta,Bug/Fire,55,85,55,50,55,60,360
772,725,Volcarona,Bug/Fire,85,60,65,135,105,100,550
773,726,Cobalion,Steel/Fighting,91,90,129,90,72,108,580
774,727,Terrakion,Rock/Fighting,91,129,90,72,90,108,580
775,728,Virizion,Grass/Fighting,91,90,72,90,129,108,580
776,729,Tornadus Incarnate Forme,Flying,79,115,70,125,80,111,580
777,730,Tornadus Therian Forme,Flying,79,100,80,110,90,121,580
778,731,Thundurus Incarnate Forme,Electric/Flying,79,115,70,125,80,111,580
779,732,Thundurus Therian Forme,Electric/Flying,79,105,70,145,80,101,580
780,733,Reshiram,Dragon/Fire,100,120,100,150,120,90,680
781,734,Zekrom,Dragon/Electric,100,150,120,120,100,90,680
782,735,Landorus Incarnate Forme,Ground/Flying,89,125,90,115,80,101,600
783,736,Landorus Therian Forme,Ground/Flying,89,145,90,105,80,91,600
784,737,Kyurem Black Kyurem,Dragon/Ice,125,170,100,120,90,95,700
785,738,Kyurem White Kyurem,Dragon/Ice,125,120,90,170,100,95,700
786,739,Kyurem,Dragon/Ice,125,130,90,130,90,95,660
787,740,Keldeo Ordinary Form,Water/Fighting,91,72,90,129,90,108,580
788,741,Keldeo Resolute Form,Water/Fighting,91,72,90,129,90,108,580
789,742,Meloetta Aria Forme,Normal/Psychic,100,77,77,128,128,90,600
790,743,Meloetta Pirouette Forme,Normal/Fighting,100,128,90,77,77,128,600
791,744,Genesect,Bug/Steel,71,120,95,120,95,99,600
792,745,Chespin,Grass,56,61,65,48,45,38,313
793,746,Quilladin,Grass,61,78,95,56,58,57,405
794,747,Chesnaught,Grass/Fighting,88,107,122,74,75,64,530
795,748,Fennekin,Fire,40,45,40,62,60,60,307
796,749,Braixen,Fire,59,59,58,90,70,73,409
797,750,Delphox,Fire/Psychic,75,69,72,114,100,104,534
798,751,Froakie,Water,41,56,40,62,44,71,314
799,752,Frogadier,Water,54,63,52,83,56,97,405
800,753,Greninja Ash-Greninja,Water/Dark,72,145,67,153,71,132,640
801,754,Greninja,Water/Dark,72,95,67,103,71,122,530
802,755,Bunnelby,Normal,38,36,38,32,36,57,237
803,756,Diggersby,Normal/Ground,85,56,77,50,77,78,423
804,757,Fletchling,Normal/Flying,45,50,43,40,38,62,278
805,758,Fletchinder,Fire/Flying,62,73,55,56,52,84,382
806,759,Talonflame,Fire/Flying,78,81,71,74,69,126,499
807,760,Scatterbug,Bug,38,35,40,27,25,35,200
808,761,Spewpa,Bug,45,22,60,27,30,29,213
809,762,Vivillon,Bug/Flying,80,52,50,90,50,89,411
810,763,Litleo,Fire/Normal,62,50,58,73,54,72,369
811,764,Pyroar,Fire/Normal,86,68,72,109,66,106,507
812,765,Flab\xc3\xa9b\xc3\xa9,Fairy,44,38,39,61,79,42,303
813,766,Floette,Fairy,54,45,47,75,98,52,371
814,767,Florges,Fairy,78,65,68,112,154,75,552
815,768,Skiddo,Grass,66,65,48,62,57,52,350
816,769,Gogoat,Grass,123,100,62,97,81,68,531
817,770,Pancham,Fighting,67,82,62,46,48,43,348
818,771,Pangoro,Fighting/Dark,95,124,78,69,71,58,495
819,772,Furfrou,Normal,75,80,60,65,90,102,472
820,773,Espurr,Psychic,62,48,54,63,60,68,355
821,774,Meowstic Female,Psychic,74,48,76,83,81,104,466
822,775,Meowstic Male,Psychic,74,48,76,83,81,104,466
823,776,Honedge,Steel/Ghost,45,80,100,35,37,28,325
824,777,Doublade,Steel/Ghost,59,110,150,45,49,35,448
825,778,Aegislash Blade Forme,Steel/Ghost,60,140,50,140,50,60,500
826,779,Aegislash Shield Forme,Steel/Ghost,60,50,140,50,140,60,500
827,780,Spritzee,Fairy,78,52,60,63,65,23,341
828,781,Aromatisse,Fairy,101,72,72,99,89,29,462
829,782,Swirlix,Fairy,62,48,66,59,57,49,341
830,783,Slurpuff,Fairy,82,80,86,85,75,72,480
831,784,Inkay,Dark/Psychic,53,54,53,37,46,45,288
832,785,Malamar,Dark/Psychic,86,92,88,68,75,73,482
833,786,Binacle,Rock/Water,42,52,67,39,56,50,306
834,787,Barbaracle,Rock/Water,72,105,115,54,86,68,500
835,788,Skrelp,Poison/Water,50,60,60,60,60,30,320
836,789,Dragalge,Poison/Dragon,65,75,90,97,123,44,494
837,790,Clauncher,Water,50,53,62,58,63,44,330
838,791,Clawitzer,Water,71,73,88,120,89,59,500
839,792,Helioptile,Electric/Normal,44,38,33,61,43,70,289
840,793,Heliolisk,Electric/Normal,62,55,52,109,94,109,481
841,794,Tyrunt,Rock/Dragon,58,89,77,45,45,48,362
842,795,Tyrantrum,Rock/Dragon,82,121,119,69,59,71,521
843,796,Amaura,Rock/Ice,77,59,50,67,63,46,362
844,797,Aurorus,Rock/Ice,123,77,72,99,92,58,521
845,798,Sylveon,Fairy,95,65,65,110,130,60,525
846,799,Hawlucha,Fighting/Flying,78,92,75,74,63,118,500
847,800,Dedenne,Electric/Fairy,67,58,57,81,67,101,431
848,801,Carbink,Rock/Fairy,50,50,150,50,150,50,500
849,802,Goomy,Dragon,45,50,35,55,75,40,300
850,803,Sliggoo Hisuian Sliggoo,Steel/Dragon,58,75,83,83,113,40,452
851,804,Sliggoo,Dragon,68,75,53,83,113,60,452
852,805,Goodra Hisuian Goodra,Steel/Dragon,80,100,100,110,150,60,600
853,806,Goodra,Dragon,90,100,70,110,150,80,600
854,807,Klefki,Steel/Fairy,57,80,91,80,87,75,470
855,808,Phantump,Ghost/Grass,43,70,48,50,60,38,309
856,809,Trevenant,Ghost/Grass,85,110,76,65,82,56,474
857,810,Pumpkaboo Average Size,Ghost/Grass,49,66,70,44,55,51,335
858,811,Pumpkaboo Large Size,Ghost/Grass,54,66,70,44,55,46,335
859,812,Pumpkaboo Small Size,Ghost/Grass,44,66,70,44,55,56,335
860,813,Pumpkaboo Super Size,Ghost/Grass,59,66,70,44,55,41,335
861,814,Gourgeist Average Size,Ghost/Grass,65,90,122,58,75,84,494
862,815,Gourgeist Large Size,Ghost/Grass,75,95,122,58,75,69,494
863,816,Gourgeist Small Size,Ghost/Grass,55,85,122,58,75,99,494
864,817,Gourgeist Super Size,Ghost/Grass,85,100,122,58,75,54,494
865,818,Bergmite,Ice,55,69,85,32,35,28,304
866,819,Avalugg Hisuian Avalugg,Ice/Rock,95,127,184,34,36,38,514
867,820,Avalugg,Ice,95,117,184,44,46,28,514
868,821,Noibat,Flying/Dragon,40,30,35,45,40,55,245
869,822,Noivern,Flying/Dragon,85,70,80,97,80,123,535
870,823,Xerneas,Fairy,126,131,95,131,98,99,680
871,824,Yveltal,Dark/Flying,126,131,95,131,98,99,680
872,825,Zygarde 10% Forme,Dragon/Ground,54,100,71,61,85,115,486
873,826,Zygarde 50% Forme,Dragon/Ground,108,100,121,81,95,95,600
874,827,Zygarde Complete Forme,Dragon/Ground,216,100,121,91,95,85,708
875,828,Diancie,Rock/Fairy,50,100,150,100,150,50,600
876,829,Mega Diancie,Rock/Fairy,50,160,110,160,110,110,700
877,830,Hoopa Hoopa Confined,Psychic/Ghost,80,110,60,150,130,70,600
878,831,Hoopa Hoopa Unbound,Psychic/Dark,80,160,60,170,130,80,680
879,832,Volcanion,Fire/Water,80,110,120,130,90,70,600
880,833,Rowlet,Grass/Flying,68,55,55,50,50,42,320
881,834,Dartrix,Grass/Flying,78,75,75,70,70,52,420
882,835,Decidueye Hisuian Decidueye,Grass/Fighting,88,112,80,95,95,60,530
883,836,Decidueye,Grass/Ghost,78,107,75,100,100,70,530
884,837,Litten,Fire,45,65,40,60,40,70,320
885,838,Torracat,Fire,65,85,50,80,50,90,420
886,839,Incineroar,Fire/Dark,95,115,90,80,90,60,530
887,840,Popplio,Water,50,54,54,66,56,40,320
888,841,Brionne,Water,60,69,69,91,81,50,420
889,842,Primarina,Water/Fairy,80,74,74,126,116,60,530
890,843,Pikipek,Normal/Flying,35,75,30,30,30,65,265
891,844,Trumbeak,Normal/Flying,55,85,50,40,50,75,355
892,845,Toucannon,Normal/Flying,80,120,75,75,75,60,485
893,846,Yungoos,Normal,48,70,30,30,30,45,253
894,847,Gumshoos,Normal,88,110,60,55,60,45,418
895,848,Grubbin,Bug,47,62,45,55,45,46,300
896,849,Charjabug,Bug/Electric,57,82,95,55,75,36,400
897,850,Vikavolt,Bug/Electric,77,70,90,145,75,43,500
898,851,Crabrawler,Fighting,47,82,57,42,47,63,338
899,852,Crabominable,Fighting/Ice,97,132,77,62,67,43,478
900,853,Oricorio Baile Style,Fire/Flying,75,70,70,98,70,93,476
901,854,Oricorio Pa'u Style,Psychic/Flying,75,70,70,98,70,93,476
902,855,Oricorio Pom-Pom Style,Electric/Flying,75,70,70,98,70,93,476
903,856,Oricorio Sensu Style,Ghost/Flying,75,70,70,98,70,93,476
904,857,Cutiefly,Bug/Fairy,40,45,40,55,40,84,304
905,858,Ribombee,Bug/Fairy,60,55,60,95,70,124,464
906,859,ruff Own Tempo ruff,Rock/Rock,45,65,40,30,40,60,280
907,860,ruff,Rock,45,65,40,30,40,60,280
908,861,Lycanroc Dusk Form,Rock,75,117,65,55,65,110,487
909,862,Lycanroc Midday Form,Rock,75,115,65,55,65,112,487
910,863,Lycanroc Midnight Form,Rock,85,115,75,55,75,82,487
911,864,Wishiwashi School Form,Water,45,140,130,140,135,30,620
912,865,Wishiwashi Solo Form,Water,45,20,20,25,25,40,175
913,866,Mareanie,Poison/Water,50,53,62,43,52,45,305
914,867,Toxapex,Poison/Water,50,63,152,53,142,35,495
915,868,Mudbray,Ground,70,100,70,45,55,45,385
916,869,Mudsdale,Ground,100,125,100,55,85,35,500
917,870,Dewpider,Water/Bug,38,40,52,40,72,27,269
918,871,Araquanid,Water/Bug,68,70,92,50,132,42,454
919,872,Fomantis,Grass,40,55,35,50,35,35,250
920,873,Lurantis,Grass,70,105,90,80,90,45,480
921,874,Morelull,Grass/Fairy,40,35,55,65,75,15,285
922,875,Shiinotic,Grass/Fairy,60,45,80,90,100,30,405
923,876,Salandit,Poison/Fire,48,44,40,71,40,77,320
924,877,Salazzle,Poison/Fire,68,64,60,111,60,117,480
925,878,Stufful,Normal/Fighting,70,75,50,45,50,50,340
926,879,Bewear,Normal/Fighting,120,125,80,55,60,60,500
927,880,Bounsweet,Grass,42,30,38,30,38,32,210
928,881,Steenee,Grass,52,40,48,40,48,62,290
929,882,Tsareena,Grass,72,120,98,50,98,72,510
930,883,Comfey,Fairy,51,52,90,82,110,100,485
931,884,Oranguru,Normal/Psychic,90,60,80,90,110,60,490
932,885,Passimian,Fighting,100,120,90,40,60,80,490
933,886,Wimpod,Bug/Water,25,35,40,20,30,80,230
934,887,Golisopod,Bug/Water,75,125,140,60,90,40,530
935,888,Sandygast,Ghost/Ground,55,55,80,70,45,15,320
936,889,Palossand,Ghost/Ground,85,75,110,100,75,35,480
937,890,Pyukumuku,Water,55,60,130,30,130,5,410
938,891,Type: Null,Normal,95,95,95,95,95,59,534
939,892,Silvally,Normal,95,95,95,95,95,95,570
940,893,Minior Core Form,Rock/Flying,60,100,60,100,60,120,500
941,894,Minior Meteor Form,Rock/Flying,60,60,100,60,100,60,440
942,895,Komala,Normal,65,115,65,75,95,65,480
943,896,Turtonator,Fire/Dragon,60,78,135,91,85,36,485
944,897,Togedemaru,Electric/Steel,65,98,63,40,73,96,435
945,898,Mimikyu,Ghost/Fairy,55,90,80,50,105,96,476
946,899,Bruxish,Water/Psychic,68,105,70,70,70,92,475
947,900,Drampa,Normal/Dragon,78,60,85,135,91,36,485
948,901,Dhelmise,Ghost/Grass,70,131,100,86,90,40,517
949,902,Jangmo-o,Dragon,45,55,65,45,45,45,300
950,903,Hakamo-o,Dragon/Fighting,55,75,90,65,70,65,420
951,904,Kommo-o,Dragon/Fighting,75,110,125,100,105,85,600
952,905,Tapu Koko,Electric/Fairy,70,115,85,95,75,130,570
953,906,Tapu Lele,Psychic/Fairy,70,85,75,130,115,95,570
954,907,Tapu Bulu,Grass/Fairy,70,130,115,85,95,75,570
955,908,Tapu Fini,Water/Fairy,70,75,115,95,130,85,570
956,909,Cosmog,Psychic,43,29,31,29,31,37,200
957,910,Cosmoem,Psychic,43,29,131,29,131,37,400
958,911,Solgaleo,Psychic/Steel,137,137,107,113,89,97,680
959,912,Lunala,Psychic/Ghost,137,113,89,137,107,97,680
960,913,Nihilego,Rock/Poison,109,53,47,127,131,103,570
961,914,Buzzwole,Bug/Fighting,107,139,139,53,53,79,570
962,915,Pheromosa,Bug/Fighting,71,137,37,137,37,151,570
963,916,Xurkitree,Electric,83,89,71,173,71,83,570
964,917,Celesteela,Steel/Flying,97,101,103,107,101,61,570
965,918,Kartana,Grass/Steel,59,181,131,59,31,109,570
966,919,Guzzlord,Dark/Dragon,223,101,53,97,53,43,570
967,920,Necrozma Dawn Wings Necrozma,Psychic/Ghost,97,113,109,157,127,77,680
968,921,Necrozma Dusk Mane Necrozma,Psychic/Steel,97,157,127,113,109,77,680
969,922,Necrozma Ultra Necrozma,Psychic/Dragon,97,167,97,167,97,129,754
970,923,Necrozma,Psychic,97,107,101,127,89,79,600
971,924,Magearna,Steel/Fairy,80,95,115,130,115,65,600
972,925,Marshadow,Fighting/Ghost,90,125,80,90,90,125,600
973,926,Poipole,Poison,67,73,67,73,67,73,420
974,927,Naganadel,Poison/Dragon,73,73,73,127,73,121,540
975,928,Stakataka,Rock/Steel,61,131,211,53,101,13,570
976,929,Blacephalon,Fire/Ghost,53,127,53,151,79,107,570
977,930,Zeraora,Electric,88,112,75,102,80,143,600
978,931,Meltan,Steel,46,65,65,55,35,34,300
979,932,Melmetal,Steel,135,143,143,80,65,34,600
980,933,Grookey,Grass,50,65,50,40,40,65,310
981,934,Thwackey,Grass,70,85,70,55,60,80,420
982,935,Rillaboom,Grass,100,125,90,60,70,85,530
983,936,Scorbunny,Fire,50,71,40,40,40,69,310
984,937,Raboot,Fire,65,86,60,55,60,94,420
985,938,Cinderace,Fire,80,116,75,65,75,119,530
986,939,Sobble,Water,50,40,40,70,40,70,310
987,940,Drizzile,Water,65,60,55,95,55,90,420
988,941,Inteleon,Water,70,85,65,125,65,120,530
989,942,Skwovet,Normal,70,55,55,35,35,25,275
990,943,Greedent,Normal,120,95,95,55,75,20,460
991,944,Rookidee,Flying,38,47,35,33,35,57,245
992,945,Corvisquire,Flying,68,67,55,43,55,77,365
993,946,Corviknight,Flying/Steel,98,87,105,53,85,67,495
994,947,Blipbug,Bug,25,20,20,25,45,45,180
995,948,Dottler,Bug/Psychic,50,35,80,50,90,30,335
996,949,Orbeetle,Bug/Psychic,60,45,110,80,120,90,505
997,950,Nickit,Dark,40,28,28,47,52,50,245
998,951,Thievul,Dark,70,58,58,87,92,90,455
999,952,Gossifleur,Grass,40,40,60,40,60,10,250
1000,953,Eldegoss,Grass,60,50,90,80,120,60,460
1001,954,Wooloo,Normal,42,40,55,40,45,48,270
1002,955,Dubwool,Normal,72,80,100,60,90,88,490
1003,956,Chewtle,Water,50,64,50,38,38,44,284
1004,957,Drednaw,Water/Rock,90,115,90,48,68,74,485
1005,958,Yamper,Electric,59,45,50,40,50,26,270
1006,959,Boltund,Electric,69,90,60,90,60,121,490
1007,960,Rolycoly,Rock,30,40,50,40,50,30,240
1008,961,Carkol,Rock/Fire,80,60,90,60,70,50,410
1009,962,Coalossal,Rock/Fire,110,80,120,80,90,30,510
1010,963,Applin,Grass/Dragon,40,40,80,40,40,20,260
1011,964,Flapple,Grass/Dragon,70,110,80,95,60,70,485
1012,965,Appletun,Grass/Dragon,110,85,80,100,80,30,485
1013,966,Silicobra,Ground,52,57,75,35,50,46,315
1014,967,Sandaconda,Ground,72,107,125,65,70,71,510
1015,968,Cramorant,Flying/Water,70,85,55,85,95,85,475
1016,969,Arrokuda,Water,41,63,40,40,30,66,280
1017,970,Barraskewda,Water,61,123,60,60,50,136,490
1018,971,Toxel,Electric/Poison,40,38,35,54,35,40,242
1019,972,Toxtricity Amped Form,Electric/Poison,75,98,70,114,70,75,502
1020,973,Toxtricity Low Key Form,Electric/Poison,75,98,70,114,70,75,502
1021,974,Sizzlipede,Fire/Bug,50,65,45,50,50,45,305
1022,975,Centiskorch,Fire/Bug,100,115,65,90,90,65,525
1023,976,Clobbopus,Fighting,50,68,60,50,50,32,310
1024,977,Grapploct,Fighting,80,118,90,70,80,42,480
1025,978,Sinistea,Ghost,40,45,45,74,54,50,308
1026,979,Polteageist,Ghost,60,65,65,134,114,70,508
1027,980,Hatenna,Psychic,42,30,45,56,53,39,265
1028,981,Hattrem,Psychic,57,40,65,86,73,49,370
1029,982,Hatterene,Psychic/Fairy,57,90,95,136,103,29,510
1030,983,Impidimp,Dark/Fairy,45,45,30,55,40,50,265
1031,984,Morgrem,Dark/Fairy,65,60,45,75,55,70,370
1032,985,Grimmsnarl,Dark/Fairy,95,120,65,95,75,60,510
1033,986,Obstagoon,Dark/Normal,93,90,101,60,81,95,520
1034,987,Perrserker,Steel,70,110,100,50,60,50,440
1035,988,Cursola,Ghost,60,95,50,145,130,30,510
1036,989,Sirfetch'd,Fighting,62,135,95,68,82,65,507
1037,990,Mr. Rime,Ice/Psychic,80,85,75,110,100,70,520
1038,991,Runerigus,Ground/Ghost,58,95,145,50,105,30,483
1039,992,Milcery,Fairy,45,40,40,50,61,34,270
1040,993,Alcremie,Fairy,65,60,75,110,121,64,495
1041,994,Falinks,Fighting,65,100,100,70,60,75,470
1042,995,Pincurchin,Electric,48,101,95,91,85,15,435
1043,996,Snom,Ice/Bug,30,25,35,45,30,20,185
1044,997,Frosmoth,Ice/Bug,70,65,60,125,90,65,475
1045,998,Stonjourner,Rock,100,125,135,20,20,70,470
1046,999,Eiscue Face,Ice/Ice,75,80,110,65,90,50,470
1047,1000,Eiscue Noice Face,Ice,75,80,70,65,50,130,470
1048,1001,Indeedee Female,Psychic/Normal,70,55,65,95,105,85,475
1049,1002,Indeedee Male,Psychic/Normal,60,65,55,105,95,95,475
1050,1003,Morpeko Full Belly Mode,Electric/Dark,58,95,58,70,58,97,436
1051,1004,Morpeko Hangry Mode,Electric/Dark,58,95,58,70,58,97,436
1052,1005,Cufant,Steel,72,80,49,40,49,40,330
1053,1006,Copperajah,Steel,122,130,69,80,69,30,500
1054,1007,Dracozolt,Electric/Dragon,90,100,90,80,70,75,505
1055,1008,Arctozolt,Electric/Ice,90,100,90,90,80,55,505
1056,1009,Dracovish,Water/Dragon,90,90,100,70,80,75,505
1057,1010,Arctovish,Water/Ice,90,90,100,80,90,55,505
1058,1011,Duraludon,Steel/Dragon,70,95,115,120,50,85,535
1059,1012,Dreepy,Dragon/Ghost,28,60,30,40,30,82,270
1060,1013,Drakloak,Dragon/Ghost,68,80,50,60,50,102,410
1061,1014,Dragapult,Dragon/Ghost,88,120,75,100,75,142,600
1062,1015,Zacian Crowned Sword,Fairy/Steel,92,150,115,80,115,148,700
1063,1016,Zacian Hero of Many Battles,Fairy,92,120,115,80,115,138,660
1064,1017,Zamazenta Crowned Shield,Fighting/Steel,92,120,140,80,140,128,700
1065,1018,Zamazenta Hero of Many Battles,Fighting,92,120,115,80,115,138,660
1066,1019,Eternatus Eternamax,Poison/Dragon,255,115,250,125,250,130,1125
1067,1020,Eternatus,Poison/Dragon,140,85,95,145,95,130,690
1068,1021,Kubfu,Fighting,60,90,60,53,50,72,385
1069,1022,Urshifu Rapid Strike Style,Fighting/Water,100,130,100,63,60,97,550
1070,1023,Urshifu Single Strike Style,Fighting/Dark,100,130,100,63,60,97,550
1071,1024,Zarude,Dark/Grass,105,120,105,70,95,105,600
1072,1025,Regieleki,Electric,80,100,50,100,50,200,580
1073,1026,Regidrago,Dragon,200,100,50,100,50,80,580
1074,1027,Glastrier,Ice,100,145,130,65,110,30,580
1075,1028,Spectrier,Ghost,100,65,60,145,80,130,580
1076,1029,Calyrex Rider,Ice/Psychic/Ice,100,165,150,85,130,50,680
1077,1030,Calyrex Shadow Rider,Psychic/Ghost,100,85,80,165,100,150,680
1078,1031,Calyrex,Psychic/Grass,100,80,80,80,80,80,500
1079,1032,Wyrdeer,Normal/Psychic,103,105,72,105,75,65,525
1080,1033,Kleavor,Bug/Rock,70,130,95,45,75,85,500
1081,1034,Ursaluna,Ground/Normal,130,140,105,45,80,50,550
1082,1035,Basculegion Female,Water/Ghost,120,92,65,100,75,78,530
1083,1036,Basculegion Male,Water/Ghost,120,112,65,80,75,78,530
1084,1037,Sneasler,Poison/Fighting,80,130,60,40,80,120,510
1085,1038,Overqwil,Dark/Poison,85,115,95,65,65,85,510
1086,1039,Enamorus Incarnate Forme,Fairy/Flying,74,115,70,135,80,106,580
1087,1040,Enamorus Therian Forme,Fairy/Flying,74,115,110,135,100,46,580
1088,1041,Sprigatito,Grass,40,61,54,45,45,65,310
1089,1042,Floragato,Grass,61,80,63,60,63,83,410
1090,1043,Meowscarada,Grass/Dark,76,110,70,81,70,123,530
1091,1044,Fuecoco,Fire,67,45,59,63,40,36,310
1092,1045,Crocalor,Fire,81,55,78,90,58,49,411
1093,1046,Skeledirge,Fire/Ghost,104,75,100,110,75,66,530
1094,1047,Quaxly,Water,55,65,45,50,45,50,310
1095,1048,Quaxwell,Water,70,85,65,65,60,65,410
1096,1049,Quaquaval,Water/Fighting,85,120,80,85,75,85,530
1097,1050,Lechonk,Normal,54,45,40,35,45,35,254
1098,1051,Oinkologne Female,Normal,115,90,70,59,90,65,489
1099,1052,Oinkologne Male,Normal,110,100,75,59,80,65,489
1100,1053,Tarountula,Bug,35,41,45,29,40,20,210
1101,1054,Spidops,Bug,60,79,92,52,86,35,404
1102,1055,Nymble,Bug,33,46,40,21,25,45,210
1103,1056,Lokix,Bug/Dark,71,102,78,52,55,92,450
1104,1057,Pawmi,Electric,45,50,20,40,25,60,240
1105,1058,Pawmo,Electric/Fighting,60,75,40,50,40,85,350
1106,1059,Pawmot,Electric/Fighting,70,115,70,70,60,105,490
1107,1060,Tandemaus,Normal,50,50,45,40,45,75,305
1108,1061,Maushold Family of Four,Normal,74,75,70,65,75,111,470
1109,1062,Maushold Family of Three,Normal,74,75,70,65,75,111,470
1110,1063,Fidough,Fairy,37,55,70,30,55,65,312
1111,1064,Dachsbun,Fairy,57,80,115,50,80,95,477
1112,1065,Smoliv,Grass/Normal,41,35,45,58,51,30,260
1113,1066,Dolliv,Grass/Normal,52,53,60,78,78,33,354
1114,1067,Arboliva,Grass/Normal,78,69,90,125,109,39,510
1115,1068,Squawkabilly Blue Plumage,Normal/Flying,82,96,51,45,51,92,417
1116,1069,Squawkabilly Green Plumage,Normal/Flying,82,96,51,45,51,92,417
1117,1070,Squawkabilly White Plumage,Normal/Flying,82,96,51,45,51,92,417
1118,1071,Squawkabilly Yellow Plumage,Normal/Flying,82,96,51,45,51,92,417
1119,1072,Nacli,Rock,55,55,75,35,35,25,280
1120,1073,Naclstack,Rock,60,60,100,35,65,35,355
1121,1074,Garganacl,Rock,100,100,130,45,90,35,500
1122,1075,Charcadet,Fire,40,50,40,50,40,35,255
1123,1076,Armarouge,Fire/Psychic,85,60,100,125,80,75,525
1124,1077,Ceruledge,Fire/Ghost,75,125,80,60,100,85,525
1125,1078,Tadbulb,Electric,61,31,41,59,35,45,272
1126,1079,Bellibolt,Electric,109,64,91,103,83,45,495
1127,1080,Wattrel,Electric/Flying,40,40,35,55,40,70,280
1128,1081,Kilowattrel,Electric/Flying,70,70,60,105,60,125,490
1129,1082,Maschiff,Dark,60,78,60,40,51,51,340
1130,1083,Mabosstiff,Dark,80,120,90,60,70,85,505
1131,1084,Shroodle,Poison/Normal,40,65,35,40,35,75,290
1132,1085,Grafaiai,Poison/Normal,63,95,65,80,72,110,485
1133,1086,Bramblin,Grass/Ghost,40,65,30,45,35,60,275
1134,1087,Brambleghast,Grass/Ghost,55,115,70,80,70,90,480
1135,1088,Toedscool,Ground/Grass,40,40,35,50,100,70,335
1136,1089,Toedscruel,Ground/Grass,80,70,65,80,120,100,515
1137,1090,Klawf,Rock,70,100,115,35,55,75,450
1138,1091,Capsakid,Grass,50,62,40,62,40,50,304
1139,1092,Scovillain,Grass/Fire,65,108,65,108,65,75,486
1140,1093,Rellor,Bug,41,50,60,31,58,30,270
1141,1094,Rabsca,Bug/Psychic,75,50,85,115,100,45,470
1142,1095,Flittle,Psychic,30,35,30,55,30,75,255
1143,1096,Espathra,Psychic,95,60,60,101,60,105,481
1144,1097,Tinkatink,Fairy/Steel,50,45,45,35,64,58,297
1145,1098,Tinkatuff,Fairy/Steel,65,55,55,45,82,78,380
1146,1099,Tinkaton,Fairy/Steel,85,75,77,70,105,94,506
1147,1100,Wiglett,Water,10,55,25,35,25,95,245
1148,1101,Wugtrio,Water,35,100,50,50,70,120,425
1149,1102,Bombirdier,Flying/Dark,70,103,85,60,85,82,485
1150,1103,Finizen,Water,70,45,40,45,40,75,315
1151,1104,Palafin Hero Form,Water,100,160,97,106,87,100,650
1152,1105,Palafin Zero Form,Water,100,70,72,53,62,100,457
1153,1106,Varoom,Steel/Poison,45,70,63,30,45,47,300
1154,1107,Revavroom,Steel/Poison,80,119,90,54,67,90,500
1155,1108,Cyclizar,Dragon/Normal,70,95,65,85,65,121,501
1156,1109,Orthworm,Steel,70,85,145,60,55,65,480
1157,1110,Glimmet,Rock/Poison,48,35,42,105,60,60,350
1158,1111,Glimmora,Rock/Poison,83,55,90,130,81,86,525
1159,1112,Greavard,Ghost,50,61,60,30,55,34,290
1160,1113,Houndstone,Ghost,72,101,100,50,97,68,488
1161,1114,Flamigo,Flying/Fighting,82,115,74,75,64,90,500
1162,1115,Cetoddle,Ice,108,68,45,30,40,43,334
1163,1116,Cetitan,Ice,170,113,65,45,55,73,521
1164,1117,Veluza,Water/Psychic,90,102,73,78,65,70,478
1165,1118,Dondozo,Water,150,100,115,65,65,35,530
1166,1119,Tatsugiri,Dragon/Water,68,50,60,120,95,82,475
1167,1120,Annihilape,Fighting/Ghost,110,115,80,50,90,90,535
1168,1121,Clodsire,Poison/Ground,130,75,60,45,100,20,430
1169,1122,Farigiraf,Normal/Psychic,120,90,70,110,70,60,520
1170,1123,Dudunsparce Three-Segment Form,Normal,125,100,80,85,75,55,520
1171,1124,Dudunsparce Two-Segment Form,Normal,125,100,80,85,75,55,520
1172,1125,Kingambit,Dark/Steel,100,135,120,60,85,50,550
1173,1126,Great Tusk,Ground/Fighting,115,131,131,53,53,87,570
1174,1127,Scream Tail,Fairy/Psychic,115,65,99,65,115,111,570
1175,1128,Brute Bonnet,Grass/Dark,111,127,99,79,99,55,570
1176,1129,Flutter Mane,Ghost/Fairy,55,55,55,135,135,135,570
1177,1130,Slither Wing,Bug/Fighting,85,135,79,85,105,81,570
1178,1131,Sandy Shocks,Electric/Ground,85,81,97,121,85,101,570
1179,1132,Iron Treads,Ground/Steel,90,112,120,72,70,106,570
1180,1133,Iron Bundle,Ice/Water,56,80,114,124,60,136,570
1181,1134,Iron Hands,Fighting/Electric,154,140,108,50,68,50,570
1182,1135,Iron Jugulis,Dark/Flying,94,80,86,122,80,108,570
1183,1136,Iron Moth,Fire/Poison,80,70,60,140,110,110,570
1184,1137,Iron Thorns,Rock/Electric,100,134,110,70,84,72,570
1185,1138,Frigibax,Dragon/Ice,65,75,45,35,45,55,320
1186,1139,Arctibax,Dragon/Ice,90,95,66,45,65,62,423
1187,1140,Baxcalibur,Dragon/Ice,115,145,92,75,86,87,600
1188,1141,Gimmighoul Chest Form,Ghost,45,30,70,75,70,10,300
1189,1142,Gimmighoul Roaming Form,Ghost,45,30,25,75,45,80,300
