,ID,Name,Type,HP,Attack,Defense,Sp. Attack,Sp. Defense,Speed
0,1,Bulbasaur,Grass/Poison,45,49,49,65,65,45
1,2,Ivysaur,Grass/Poison,60,62,63,80,80,60
2,3,Mega Venusaur,Grass/Poison,80,100,123,122,120,80
3,3,Venusaur,Grass/Poison,80,82,83,100,100,80
4,4,Charmander,Fire,39,52,43,60,50,65
5,5,Charmeleon,Fire,58,64,58,80,65,80
6,6,Charizard,Fire/Flying,78,84,78,109,85,100
7,6,Mega Charizard X,Fire/Dragon,78,130,111,130,85,100
8,6,Mega Charizard Y,Fire/Flying,78,104,78,159,115,100
9,7,Squirtle,Water,44,48,65,50,64,43
10,8,Wartortle,Water,59,63,80,65,80,58
11,9,Blastoise,Water,79,83,100,85,105,78
12,9,Mega Blastoise,Water,79,103,120,135,115,78
13,10,Caterpie,Bug,45,30,35,20,20,45
14,11,Metapod,Bug,50,20,55,25,25,30
15,12,Butterfree,Bug/Flying,60,45,50,90,80,70
16,13,Weedle,Bug/Poison,40,35,30,20,20,50
17,14,Kakuna,Bug/Poison,45,25,50,25,25,35
18,15,Beedrill,Bug/Poison,65,90,40,45,80,75
19,15,Mega Beedrill,Bug/Poison,65,150,40,15,80,145
20,16,Pidgey,Normal/Flying,40,45,40,35,35,56
21,17,Pidgeotto,Normal/Flying,63,60,55,50,50,71
22,18,Mega Pidgeot,Normal/Flying,83,80,80,135,80,121
23,18,Pidgeot,Normal/Flying,83,80,75,70,70,101
24,19,Rattata Alolan Rattata,Dark/Normal,30,56,35,25,35,72
25,19,Rattata,Normal,30,56,35,25,35,72
26,20,Raticate Alolan Raticate,Dark/Normal,75,71,70,40,80,77
27,20,Raticate,Normal,55,81,60,50,70,97
28,21,Spearow,Normal/Flying,40,60,30,31,31,70
29,22,Fearow,Normal/Flying,65,90,65,61,61,100
30,23,Ekans,Poison,35,60,44,40,54,55
31,24,Arbok,Poison,60,95,69,65,79,80
32,25,Pikachu Partner Pikachu,Electric,45,80,50,75,60,120
33,25,Pikachu,Electric,35,55,40,50,50,90
34,26,Raichu Alolan Raichu,Electric/Psychic,60,85,50,95,85,110
35,26,Raichu,Electric,60,90,55,90,80,110
36,27,Sandshrew Alolan Sandshrew,Ice/Steel,50,75,90,10,35,40
37,27,Sandshrew,Ground,50,75,85,20,30,40
38,28,Sandslash Alolan Sandslash,Ice/Steel,75,100,120,25,65,65
39,28,Sandslash,Ground,75,100,110,45,55,65
40,29,Nidoran\xe2\x99\x80,Poison,55,47,52,40,40,41
41,30,Nidorina,Poison,70,62,67,55,55,56
42,31,Nidoqueen,Poison/Ground,90,92,87,75,85,76
43,32,Nidoran\xe2\x99\x82,Poison,46,57,40,40,40,50
44,33,Nidorino,Poison,61,72,57,55,55,65
45,34,Nidoking,Poison/Ground,81,102,77,85,75,85
46,35,Clefairy,Fairy,70,45,48,60,65,35
47,36,Clefable,Fairy,95,70,73,95,90,60
48,37,Vulpix Alolan Vulpix,Ice,38,41,40,50,65,65
49,37,Vulpix,Fire,38,41,40,50,65,65
50,38,Ninetales Alolan Ninetales,Ice/Fairy,73,67,75,81,100,109
51,38,Ninetales,Fire,73,76,75,81,100,100
52,39,Jigglypuff,Normal/Fairy,115,45,20,45,25,20
53,40,Wigglytuff,Normal/Fairy,140,70,45,85,50,45
54,41,Zubat,Poison/Flying,40,45,35,30,40,55
55,42,Golbat,Poison/Flying,75,80,70,65,75,90
56,43,Oddish,Grass/Poison,45,50,55,75,65,30
57,44,Gloom,Grass/Poison,60,65,70,85,75,40
58,45,Vileplume,Grass/Poison,75,80,85,110,90,50
59,46,Paras,Bug/Grass,35,70,55,45,55,25
60,47,Parasect,Bug/Grass,60,95,80,60,80,30
61,48,Venonat,Bug/Poison,60,55,50,40,55,45
62,49,Venomoth,Bug/Poison,70,65,60,90,75,90
63,50,Diglett Alolan Diglett,Ground/Steel,10,55,30,35,45,90
64,50,Diglett,Ground,10,55,25,35,45,95
65,51,Dugtrio Alolan Dugtrio,Ground/Steel,35,100,60,50,70,110
66,51,Dugtrio,Ground,35,100,50,50,70,120
67,52,Meowth Alolan Meowth,Dark,40,35,35,50,40,90
68,52,Meowth Galarian Meowth,Steel,50,65,55,40,40,40
69,52,Meowth,Normal,40,45,35,40,40,90
70,53,Persian Alolan Persian,Dark,65,60,60,75,65,115
71,53,Persian,Normal,65,70,60,65,65,115
72,54,Psyduck,Water,50,52,48,65,50,55
73,55,Golduck,Water,80,82,78,95,80,85
74,56,Mankey,Fighting,40,80,35,35,45,70
75,57,Primeape,Fighting,65,105,60,60,70,95
76,58,Growlithe Hisuian Growlithe,Fire/Rock,60,75,45,65,50,55
77,58,Growlithe,Fire,55,70,45,70,50,60
78,59,Arcanine Hisuian Arcanine,Fire/Rock,95,115,80,95,80,90
79,59,Arcanine,Fire,90,110,80,100,80,95
80,60,Poliwag,Water,40,50,40,40,40,90
81,61,Poliwhirl,Water,65,65,65,50,50,90
82,62,Poliwrath,Water/Fighting,90,95,95,70,90,70
83,63,Abra,Psychic,25,20,15,105,55,90
84,64,Kadabra,Psychic,40,35,30,120,70,105
85,65,Alakazam,Psychic,55,50,45,135,95,120
86,65,Mega Alakazam,Psychic,55,50,65,175,105,150
87,66,Machop,Fighting,70,80,50,35,35,35
88,67,Machoke,Fighting,80,100,70,50,60,45
89,68,Machamp,Fighting,90,130,80,65,85,55
90,69,Bellsprout,Grass/Poison,50,75,35,70,30,40
91,70,Weepinbell,Grass/Poison,65,90,50,85,45,55
92,71,Victreebel,Grass/Poison,80,105,65,100,70,70
93,72,Tentacool,Water/Poison,40,40,35,50,100,70
94,73,Tentacruel,Water/Poison,80,70,65,80,120,100
95,74,Geodude Alolan Geodude,Rock/Electric,40,80,100,30,30,20
96,74,Geodude,Rock/Ground,40,80,100,30,30,20
97,75,Graveler Alolan Graveler,Rock/Electric,55,95,115,45,45,35
98,75,Graveler,Rock/Ground,55,95,115,45,45,35
99,76,Golem Alolan Golem,Rock/Electric,80,120,130,55,65,45
100,76,Golem,Rock/Ground,80,120,130,55,65,45
101,77,Ponyta Galarian Ponyta,Psychic,50,85,55,65,65,90
102,77,Ponyta,Fire,50,85,55,65,65,90
103,78,Rapidash Galarian Rapidash,Psychic/Fairy,65,100,70,80,80,105
104,78,Rapidash,Fire,65,100,70,80,80,105
105,79,Slowpoke Galarian Slowpoke,Psychic,90,65,65,40,40,15
106,79,Slowpoke,Water/Psychic,90,65,65,40,40,15
107,80,Mega Slowbro,Water/Psychic,95,75,180,130,80,30
108,80,Slowbro Galarian Slowbro,Poison/Psychic,95,100,95,100,70,30
109,80,Slowbro,Water/Psychic,95,75,110,100,80,30
110,81,Magnemite,Electric/Steel,25,35,70,95,55,45
111,82,Magneton,Electric/Steel,50,60,95,120,70,70
112,83,Farfetch'd Galarian Farfetch'd,Fighting,52,95,55,58,62,55
113,83,Farfetch'd,Normal/Flying,52,90,55,58,62,60
114,84,Doduo,Normal/Flying,35,85,45,35,35,75
115,85,Dodrio,Normal/Flying,60,110,70,60,60,110
116,86,Seel,Water,65,45,55,45,70,45
117,87,Dewgong,Water/Ice,90,70,80,70,95,70
118,88,Grimer Alolan Grimer,Poison/Dark,80,80,50,40,50,25
119,88,Grimer,Poison,80,80,50,40,50,25
120,89,Muk Alolan Muk,Poison/Dark,105,105,75,65,100,50
121,89,Muk,Poison,105,105,75,65,100,50
122,90,Shellder,Water,30,65,100,45,25,40
123,91,Cloyster,Water/Ice,50,95,180,85,45,70
124,92,Gastly,Ghost/Poison,30,35,30,100,35,80
125,93,Haunter,Ghost/Poison,45,50,45,115,55,95
126,94,Gengar,Ghost/Poison,60,65,60,130,75,110
127,94,Mega Gengar,Ghost/Poison,60,65,80,170,95,130
128,95,Onix,Rock/Ground,35,45,160,30,45,70
129,96,Drowzee,Psychic,60,48,45,43,90,42
130,97,Hypno,Psychic,85,73,70,73,115,67
131,98,Krabby,Water,30,105,90,25,25,50
132,99,Kingler,Water,55,130,115,50,50,75
133,100,Voltorb Hisuian Voltorb,Electric/Grass,40,30,50,55,55,100
134,100,Voltorb,Electric,40,30,50,55,55,100
144,101,Electrode Hisuian Electrode,Electric/Grass,60,50,70,80,80,150
145,101,Electrode,Electric,60,50,70,80,80,150
146,102,Exeggcute,Grass/Psychic,60,40,80,60,45,40
147,103,Exeggutor Alolan Exeggutor,Grass/Dragon,95,105,85,125,75,45
148,103,Exeggutor,Grass/Psychic,95,95,85,125,75,55
149,104,Cubone,Ground,50,50,95,40,50,35
150,105,Marowak Alolan Marowak,Fire/Ghost,60,80,110,50,80,45
151,105,Marowak,Ground,60,80,110,50,80,45
152,106,Hitmonlee,Fighting,50,120,53,35,110,87
153,107,Hitmonchan,Fighting,50,105,79,35,110,76
154,108,Lickitung,Normal,90,55,75,60,75,30
155,109,Koffing,Poison,40,65,95,60,45,35
156,110,Weezing Galarian Weezing,Poison/Fairy,65,90,120,85,70,60
157,110,Weezing,Poison,65,90,120,85,70,60
158,111,Rhyhorn,Ground/Rock,80,85,95,30,30,25
159,112,Rhydon,Ground/Rock,105,130,120,45,45,40
160,113,Chansey,Normal,250,5,5,35,105,50
161,114,Tangela,Grass,65,55,115,100,40,60
162,115,Kangaskhan,Normal,105,95,80,40,80,90
163,115,Mega Kangaskhan,Normal,105,125,100,60,100,100
164,116,Horsea,Water,30,40,70,70,25,60
165,117,Seadra,Water,55,65,95,95,45,85
166,118,Goldeen,Water,45,67,60,35,50,63
167,119,Seaking,Water,80,92,65,65,80,68
168,120,Staryu,Water,30,45,55,70,55,85
169,121,Starmie,Water/Psychic,60,75,85,100,85,115
170,122,Mr. Mime Galarian Mr. Mime,Ice/Psychic,50,65,65,90,90,100
171,122,Mr. Mime,Psychic/Fairy,40,45,65,100,120,90
172,123,Scyther,Bug/Flying,70,110,80,55,80,105
173,124,Jynx,Ice/Psychic,65,50,35,115,95,95
174,125,Electabuzz,Electric,65,83,57,95,85,105
175,126,Magmar,Fire,65,95,57,100,85,93
176,127,Mega Pinsir,Bug/Flying,65,155,120,65,90,105
177,127,Pinsir,Bug,65,125,100,55,70,85
178,128,Tauros Aqua Breed,Fighting/Water,75,110,105,30,70,100
179,128,Tauros Blaze Breed,Fighting/Fire,75,110,105,30,70,100
180,128,Tauros Combat Breed,Fighting,75,110,105,30,70,100
181,128,Tauros,Normal,75,100,95,40,70,110
182,129,Magikarp,Water,20,10,55,15,20,80
183,130,Gyarados,Water/Flying,95,125,79,60,100,81
184,130,Mega Gyarados,Water/Dark,95,155,109,70,130,81
185,131,Lapras,Water/Ice,130,85,80,85,95,60
186,132,Ditto,Normal,48,48,48,48,48,48
187,133,Eevee Partner Eevee,Normal,65,75,70,65,85,75
188,133,Eevee,Normal,55,55,50,45,65,55
189,134,Vaporeon,Water,130,65,60,110,95,65
190,135,Jolteon,Electric,65,65,60,110,95,130
191,136,Flareon,Fire,65,130,60,95,110,65
192,137,Porygon,Normal,65,60,70,85,75,40
193,138,Omanyte,Rock/Water,35,40,100,90,55,35
194,139,Omastar,Rock/Water,70,60,125,115,70,55
195,140,Kabuto,Rock/Water,30,80,90,55,45,55
196,141,Kabutops,Rock/Water,60,115,105,65,70,80
197,142,Aerodactyl,Rock/Flying,80,105,65,60,75,130
198,142,Mega Aerodactyl,Rock/Flying,80,135,85,70,95,150
199,143,Snorlax,Normal,160,110,65,65,110,30
200,144,Articuno Galarian Articuno,Psychic/Flying,90,85,85,125,100,95
201,144,Articuno,Ice/Flying,90,85,100,95,125,85
202,145,Zapdos Galarian Zapdos,Fighting/Flying,90,125,90,85,90,100
203,145,Zapdos,Electric/Flying,90,90,85,125,90,100
204,146,Moltres Galarian Moltres,Dark/Flying,90,85,90,100,125,90
205,146,Moltres,Fire/Flying,90,100,90,125,85,90
206,147,Dratini,Dragon,41,64,45,50,50,50
207,148,air,Dragon,61,84,65,70,70,70
208,149,ite,Dragon/Flying,91,134,95,100,100,80
209,150,Mega Mewtwo X,Psychic/Fighting,106,190,100,154,100,130
210,150,Mega Mewtwo Y,Psychic,106,150,70,194,120,140
211,150,Mewtwo,Psychic,106,110,90,154,90,130
212,151,Mew,Psychic,100,100,100,100,100,100
213,152,Chikorita,Grass,45,49,65,49,65,45
214,153,Bayleef,Grass,60,62,80,63,80,60
215,154,Meganium,Grass,80,82,100,83,100,80
216,155,Cyndaquil,Fire,39,52,43,60,50,65
217,156,Quilava,Fire,58,64,58,80,65,80
218,157,Typhlosion Hisuian Typhlosion,Fire/Ghost,73,84,78,119,85,95
219,157,Typhlosion,Fire,78,84,78,109,85,100
220,158,Totodile,Water,50,65,64,44,48,43
221,159,Croconaw,Water,65,80,80,59,63,58
222,160,Feraligatr,Water,85,105,100,79,83,78
223,161,Sentret,Normal,35,46,34,35,45,20
224,162,Furret,Normal,85,76,64,45,55,90
225,163,Hoothoot,Normal/Flying,60,30,30,36,56,50
226,164,Noctowl,Normal/Flying,100,50,50,86,96,70
227,165,Ledyba,Bug/Flying,40,20,30,40,80,55
228,166,Ledian,Bug/Flying,55,35,50,55,110,85
229,167,Spinarak,Bug/Poison,40,60,40,40,40,30
230,168,Ariados,Bug/Poison,70,90,70,60,70,40
231,169,Crobat,Poison/Flying,85,90,80,70,80,130
232,170,Chinchou,Water/Electric,75,38,38,56,56,67
233,171,Lanturn,Water/Electric,125,58,58,76,76,67
234,172,Pichu,Electric,20,40,15,35,35,60
235,173,Cleffa,Fairy,50,25,28,45,55,15
236,174,Igglybuff,Normal/Fairy,90,30,15,40,20,15
237,175,Togepi,Fairy,35,20,65,40,65,20
238,176,Togetic,Fairy/Flying,55,40,85,80,105,40
239,177,Natu,Psychic/Flying,40,50,45,70,45,70
240,178,Xatu,Psychic/Flying,65,75,70,95,70,95
241,179,Mareep,Electric,55,40,40,65,45,35
242,180,Flaaffy,Electric,70,55,55,80,60,45
243,181,Ampharos,Electric,90,75,85,115,90,55
244,181,Mega Ampharos,Electric/Dragon,90,95,105,165,110,45
245,182,Bellossom,Grass,75,80,95,90,100,50
246,183,Marill,Water/Fairy,70,20,50,20,50,40
247,184,Azumarill,Water/Fairy,100,50,80,60,80,50
248,185,Sudowoodo,Rock,70,100,115,30,65,30
249,186,Politoed,Water,90,75,75,90,100,70
250,187,Hoppip,Grass/Flying,35,35,40,35,55,50
251,188,Skiploom,Grass/Flying,55,45,50,45,65,80
252,189,Jumpluff,Grass/Flying,75,55,70,55,95,110
253,190,Aipom,Normal,55,70,55,40,55,85
254,191,Sunkern,Grass,30,30,30,30,30,30
255,192,Sunflora,Grass,75,75,55,105,85,30
256,193,Yanma,Bug/Flying,65,65,45,75,45,95
257,194,Wooper Paldean Wooper,Poison/Ground,55,45,45,25,25,15
258,194,Wooper,Water/Ground,55,45,45,25,25,15
259,195,Quagsire,Water/Ground,95,85,85,65,65,35
260,196,Espeon,Psychic,65,65,60,130,95,110
261,197,Umbreon,Dark,95,65,110,60,130,65
262,198,Murkrow,Dark/Flying,60,85,42,85,42,91
263,199,Slowking Galarian Slowking,Poison/Psychic,95,65,80,110,110,30
264,199,Slowking,Water/Psychic,95,75,80,100,110,30
265,200,Misdreavus,Ghost,60,60,60,85,85,85
266,201,Unown,Psychic,48,72,48,72,48,48
267,202,Wobbuffet,Psychic,190,33,58,33,58,33
268,203,Girafarig,Normal/Psychic,70,80,65,90,65,85
269,204,Pineco,Bug,50,65,90,35,35,15
270,205,Forretress,Bug/Steel,75,90,140,60,60,40
271,206,Dunsparce,Normal,100,70,70,65,65,45
272,207,Gligar,Ground/Flying,65,75,105,35,65,85
273,208,Mega ix,Steel/Steel/Ground,75,125,230,55,95,30
274,208,ix,Steel/Ground,75,85,200,55,65,30
275,209,Snubbull,Fairy,60,80,50,40,40,30
276,210,Granbull,Fairy,90,120,75,60,60,45
277,211,Qwilfish Hisuian Qwilfish,Dark/Poison,65,95,85,55,55,85
278,211,Qwilfish,Water/Poison,65,95,85,55,55,85
279,212,Mega Scizor,Bug/Steel,70,150,140,65,100,75
280,212,Scizor,Bug/Steel,70,130,100,55,80,65
281,213,Shuckle,Bug/Rock,20,10,230,10,230,5
282,214,Heracross,Bug/Fighting,80,125,75,40,95,85
283,214,Mega Heracross,Bug/Fighting,80,185,115,40,105,75
284,215,Sneasel Hisuian Sneasel,Fighting/Poison,55,95,55,35,75,115
285,215,Sneasel,Dark/Ice,55,95,55,35,75,115
286,216,Teddiursa,Normal,60,80,50,50,50,40
287,217,Ursaring,Normal,90,130,75,75,75,55
288,218,Slugma,Fire,40,40,40,70,40,20
289,219,Magcargo,Fire/Rock,60,50,120,90,80,30
290,220,Swinub,Ice/Ground,50,50,40,30,30,50
291,221,Piloswine,Ice/Ground,100,100,80,60,60,50
292,222,Corsola Galarian Corsola,Ghost,60,55,100,65,100,30
293,222,Corsola,Water/Rock,65,55,95,65,95,35
294,223,Remoraid,Water,35,65,35,65,35,65
295,224,Octillery,Water,75,105,75,105,75,45
296,225,Delibird,Ice/Flying,45,55,45,65,45,75
297,226,Mantine,Water/Flying,85,40,70,80,140,70
298,227,Skarmory,Steel/Flying,65,80,140,40,70,70
299,228,Houndour,Dark/Fire,45,60,30,80,50,65
300,229,Houndoom,Dark/Fire,75,90,50,110,80,95
301,229,Mega Houndoom,Dark/Fire,75,90,90,140,90,115
302,230,Kingdra,Water/Dragon,75,95,95,95,95,85
303,231,Phanpy,Ground,90,60,60,40,40,40
304,232,Donphan,Ground,90,120,120,60,60,50
305,233,Porygon2,Normal,85,80,90,105,95,60
306,234,Stantler,Normal,73,95,62,85,65,85
307,235,Smeargle,Normal,55,20,35,20,45,75
308,236,Tyrogue,Fighting,35,35,35,35,35,35
309,237,Hitmontop,Fighting,50,95,95,35,110,70
310,238,Smoochum,Ice/Psychic,45,30,15,85,65,65
311,239,Elekid,Electric,45,63,37,65,55,95
312,240,Magby,Fire,45,75,37,70,55,83
313,241,Miltank,Normal,95,80,105,40,70,100
314,242,Blissey,Normal,255,10,10,75,135,55
315,243,Raikou,Electric,90,85,75,115,100,115
316,244,Entei,Fire,115,115,85,90,75,100
317,245,Suicune,Water,100,75,115,90,115,85
318,246,Larvitar,Rock/Ground,50,64,50,45,50,41
319,247,Pupitar,Rock/Ground,70,84,70,65,70,51
320,248,Mega Tyranitar,Rock/Dark,100,164,150,95,120,71
321,248,Tyranitar,Rock/Dark,100,134,110,95,100,61
322,249,Lugia,Psychic/Flying,106,90,130,90,154,110
323,250,Ho-oh,Fire/Flying,106,130,90,110,154,90
324,251,Celebi,Psychic/Grass,100,100,100,100,100,100
325,252,Treecko,Grass,40,45,35,65,55,70
326,253,Grovyle,Grass,50,65,45,85,65,95
327,254,Mega Sceptile,Grass/Dragon,70,110,75,145,85,145
328,254,Sceptile,Grass,70,85,65,105,85,120
329,255,Torchic,Fire,45,60,40,70,50,45
330,256,Combusken,Fire/Fighting,60,85,60,85,60,55
331,257,Blaziken,Fire/Fighting,80,120,70,110,70,80
332,257,Mega Blaziken,Fire/Fighting,80,160,80,130,80,100
333,258,Mudkip,Water,50,70,50,50,50,40
334,259,Marshtomp,Water/Ground,70,85,70,60,70,50
335,260,Mega Swampert,Water/Ground,100,150,110,95,110,70
336,260,Swampert,Water/Ground,100,110,90,85,90,60
337,261,Poochyena,Dark,35,55,35,30,30,35
338,262,Mightyena,Dark,70,90,70,60,60,70
339,263,Zigzagoon Galarian Zigzagoon,Dark/Normal,38,30,41,30,41,60
340,263,Zigzagoon,Normal,38,30,41,30,41,60
341,264,Linoone Galarian Linoone,Dark/Normal,78,70,61,50,61,100
342,264,Linoone,Normal,78,70,61,50,61,100
343,265,Wurmple,Bug,45,45,35,20,30,20
344,266,Silcoon,Bug,50,35,55,25,25,15
345,267,Beautifly,Bug/Flying,60,70,50,100,50,65
346,268,Cascoon,Bug,50,35,55,25,25,15
347,269,Dustox,Bug/Poison,60,50,70,50,90,65
348,270,Lotad,Water/Grass,40,30,30,40,50,30
349,271,Lombre,Water/Grass,60,50,50,60,70,50
350,272,Ludicolo,Water/Grass,80,70,70,90,100,70
351,273,Seedot,Grass,40,40,50,30,30,30
352,274,Nuzleaf,Grass/Dark,70,70,40,60,40,60
353,275,Shiftry,Grass/Dark,90,100,60,90,60,80
354,276,Taillow,Normal/Flying,40,55,30,30,30,85
355,277,Swellow,Normal/Flying,60,85,60,75,50,125
356,278,Wingull,Water/Flying,40,30,30,55,30,85
357,279,Pelipper,Water/Flying,60,50,100,95,70,65
358,280,Ralts,Psychic/Fairy,28,25,25,45,35,40
359,281,Kirlia,Psychic/Fairy,38,35,35,65,55,50
360,282,Gardevoir,Psychic/Fairy,68,65,65,125,115,80
361,282,Mega Gardevoir,Psychic/Fairy,68,85,65,165,135,100
362,283,Surskit,Bug/Water,40,30,32,50,52,65
363,284,Masquerain,Bug/Flying,70,60,62,100,82,80
364,285,Shroomish,Grass,60,40,60,40,60,35
365,286,Breloom,Grass/Fighting,60,130,80,60,60,70
366,287,Slakoth,Normal,60,60,60,35,35,30
367,288,Vigoroth,Normal,80,80,80,55,55,90
368,289,Slaking,Normal,150,160,100,95,65,100
369,290,Nincada,Bug/Ground,31,45,90,30,30,40
370,291,Ninjask,Bug/Flying,61,90,45,50,50,160
371,292,Shedinja,Bug/Ghost,1,90,45,30,30,40
372,293,Whismur,Normal,64,51,23,51,23,28
373,294,Loudred,Normal,84,71,43,71,43,48
374,295,Exploud,Normal,104,91,63,91,73,68
375,296,Makuhita,Fighting,72,60,30,20,30,25
376,297,Hariyama,Fighting,144,120,60,40,60,50
377,298,Azurill,Normal/Fairy,50,20,40,20,40,20
378,299,Nosepass,Rock,30,45,135,45,90,30
379,300,Skitty,Normal,50,45,45,35,35,50
380,301,Delcatty,Normal,70,65,65,55,55,90
381,302,Mega Sableye,Dark/Ghost,50,85,125,85,115,20
382,302,Sableye,Dark/Ghost,50,75,75,65,65,50
383,303,Mawile,Steel/Fairy,50,85,85,55,55,50
384,303,Mega Mawile,Steel/Fairy,50,105,125,55,95,50
385,304,Aron,Steel/Rock,50,70,100,40,40,30
386,305,Lairon,Steel/Rock,60,90,140,50,50,40
387,306,Aggron,Steel/Rock,70,110,180,60,60,50
388,306,Mega Aggron,Steel,70,140,230,60,80,50
389,307,Meditite,Fighting/Psychic,30,40,55,40,55,60
390,308,Medicham,Fighting/Psychic,60,60,75,60,75,80
391,308,Mega Medicham,Fighting/Psychic,60,100,85,80,85,100
392,309,Electrike,Electric,40,45,40,65,40,65
393,310,Manectric,Electric,70,75,60,105,60,105
394,310,Mega Manectric,Electric,70,75,80,135,80,135
395,311,Plusle,Electric,60,50,40,85,75,95
396,312,Minun,Electric,60,40,50,75,85,95
397,313,Volbeat,Bug,65,73,75,47,85,85
398,314,Illumise,Bug,65,47,75,73,85,85
399,315,Roselia,Grass/Poison,50,60,45,100,80,65
400,316,Gulpin,Poison,70,43,53,43,53,40
401,317,Swalot,Poison,100,73,83,73,83,55
402,318,Carvanha,Water/Dark,45,90,20,65,20,65
403,319,Mega Sharpedo,Water/Dark,70,140,70,110,65,105
404,319,Sharpedo,Water/Dark,70,120,40,95,40,95
405,320,Wailmer,Water,130,70,35,70,35,60
406,321,Wailord,Water,170,90,45,90,45,60
407,322,Numel,Fire/Ground,60,60,40,65,45,35
408,323,Camerupt,Fire/Ground,70,100,70,105,75,40
409,323,Mega Camerupt,Fire/Ground,70,120,100,145,105,20
410,324,Torkoal,Fire,70,85,140,85,70,20
411,325,Spoink,Psychic,60,25,35,70,80,60
412,326,Grumpig,Psychic,80,45,65,90,110,80
413,327,Spinda,Normal,60,60,60,60,60,60
414,328,Trapinch,Ground,45,100,45,45,45,10
415,329,Vibrava,Ground/Dragon,50,70,50,50,50,70
416,330,Flygon,Ground/Dragon,80,100,80,80,80,100
417,331,Cacnea,Grass,50,85,40,85,40,35
418,332,Cacturne,Grass/Dark,70,115,60,115,60,55
419,333,Swablu,Normal/Flying,45,40,60,40,75,50
420,334,Altaria,Dragon/Flying,75,70,90,70,105,80
421,334,Mega Altaria,Dragon/Fairy,75,110,110,110,105,80
422,335,Zangoose,Normal,73,115,60,60,60,90
423,336,Seviper,Poison,73,100,60,100,60,65
424,337,Lunatone,Rock/Psychic,90,55,65,95,85,70
425,338,Solrock,Rock/Psychic,90,95,85,55,65,70
426,339,Barboach,Water/Ground,50,48,43,46,41,60
427,340,Whiscash,Water/Ground,110,78,73,76,71,60
428,341,Corphish,Water,43,80,65,50,35,35
429,342,Crawdaunt,Water/Dark,63,120,85,90,55,55
430,343,Baltoy,Ground/Psychic,40,40,55,40,70,55
431,344,Claydol,Ground/Psychic,60,70,105,70,120,75
432,345,Lileep,Rock/Grass,66,41,77,61,87,23
433,346,Cradily,Rock/Grass,86,81,97,81,107,43
434,347,Anorith,Rock/Bug,45,95,50,40,50,75
435,348,Armaldo,Rock/Bug,75,125,100,70,80,45
436,349,Feebas,Water,20,15,20,10,55,80
437,350,Milotic,Water,95,60,79,100,125,81
438,351,Castform Rainy Form,Water,70,70,70,70,70,70
439,351,Castform Snowy Form,Ice,70,70,70,70,70,70
440,351,Castform Sunny Form,Fire,70,70,70,70,70,70
441,351,Castform,Normal,70,70,70,70,70,70
442,352,Kecleon,Normal,60,90,70,60,120,40
443,353,Shuppet,Ghost,44,75,35,63,33,45
444,354,Banette,Ghost,64,115,65,83,63,65
445,354,Mega Banette,Ghost,64,165,75,93,83,75
446,355,Duskull,Ghost,20,40,90,30,90,25
447,356,Dusclops,Ghost,40,70,130,60,130,25
448,357,Tropius,Grass/Flying,99,68,83,72,87,51
449,358,Chimecho,Psychic,75,50,80,95,90,65
450,359,Absol,Dark,65,130,60,75,60,75
451,359,Mega Absol,Dark,65,150,60,115,60,115
452,360,Wynaut,Psychic,95,23,48,23,48,23
453,361,Snorunt,Ice,50,50,50,50,50,50
454,362,Glalie,Ice,80,80,80,80,80,80
455,362,Mega Glalie,Ice,80,120,80,120,80,100
456,363,Spheal,Ice/Water,70,40,50,55,50,25
457,364,Sealeo,Ice/Water,90,60,70,75,70,45
458,365,Walrein,Ice/Water,110,80,90,95,90,65
459,366,Clamperl,Water,35,64,85,74,55,32
460,367,Huntail,Water,55,104,105,94,75,52
461,368,Gorebyss,Water,55,84,105,114,75,52
462,369,Relicanth,Water/Rock,100,90,130,45,65,55
463,370,Luvdisc,Water,43,30,55,40,65,97
464,371,Bagon,Dragon,45,75,60,40,30,50
465,372,Shelgon,Dragon,65,95,100,60,50,50
466,373,Mega Salamence,Dragon/Flying,95,145,130,120,90,120
467,373,Salamence,Dragon/Flying,95,135,80,110,80,100
468,374,Beldum,Steel/Psychic,40,55,80,35,60,30
469,375,Metang,Steel/Psychic,60,75,100,55,80,50
470,376,Mega Metagross,Steel/Psychic,80,145,150,105,110,110
471,376,Metagross,Steel/Psychic,80,135,130,95,90,70
472,377,Regirock,Rock,80,100,200,50,100,50
473,378,Regice,Ice,80,50,100,100,200,50
474,379,Registeel,Steel,80,75,150,75,150,50
475,380,Latias,Dragon/Psychic,80,80,90,110,130,110
476,380,Mega Latias,Dragon/Psychic,80,100,120,140,150,110
477,381,Latios,Dragon/Psychic,80,90,80,130,110,110
478,381,Mega Latios,Dragon/Psychic,80,130,100,160,120,110
479,382,Kyogre Primal Kyogre,Water,100,150,90,180,160,90
480,382,Kyogre,Water,100,100,90,150,140,90
481,383,Groudon Primal Groudon,Ground/Fire,100,180,160,150,90,90
482,383,Groudon,Ground,100,150,140,100,90,90
483,384,Mega Rayquaza,Dragon/Flying,105,180,100,180,100,115
484,384,Rayquaza,Dragon/Flying,105,150,90,150,90,95
485,385,Jirachi,Steel/Psychic,100,100,100,100,100,100
486,386,Deoxys Attack Forme,Psychic,50,180,20,180,20,150
487,386,Deoxys Defense Forme,Psychic,50,70,160,70,160,90
488,386,Deoxys Forme,Normal/Psychic,50,150,50,150,50,150
489,386,Deoxys Speed Forme,Psychic,50,95,90,95,90,180
490,387,Turtwig,Grass,55,68,64,45,55,31
491,388,Grotle,Grass,75,89,85,55,65,36
492,389,Torterra,Grass/Ground,95,109,105,75,85,56
493,390,Chimchar,Fire,44,58,44,58,44,61
494,391,Monferno,Fire/Fighting,64,78,52,78,52,81
495,392,Infernape,Fire/Fighting,76,104,71,104,71,108
496,393,Piplup,Water,53,51,53,61,56,40
497,394,Prinplup,Water,64,66,68,81,76,50
498,395,Empoleon,Water/Steel,84,86,88,111,101,60
499,396,Starly,Normal/Flying,40,55,30,30,30,60
500,397,Staravia,Normal/Flying,55,75,50,40,40,80
501,398,Staraptor,Normal/Flying,85,120,70,50,60,100
502,399,Bidoof,Normal,59,45,40,35,40,31
503,400,Bibarel,Normal/Water,79,85,60,55,60,71
504,401,Kricketot,Bug,37,25,41,25,41,25
505,402,Kricketune,Bug,77,85,51,55,51,65
506,403,Shinx,Electric,45,65,34,40,34,45
507,404,Luxio,Electric,60,85,49,60,49,60
508,405,Luxray,Electric,80,120,79,95,79,70
509,406,Budew,Grass/Poison,40,30,35,50,70,55
510,407,Roserade,Grass/Poison,60,70,65,125,105,90
511,408,Cranidos,Rock,67,125,40,30,30,58
512,409,Rampardos,Rock,97,165,60,65,50,58
513,410,Shieldon,Rock/Steel,30,42,118,42,88,30
514,411,Bastiodon,Rock/Steel,60,52,168,47,138,30
515,412,Burmy Plant Cloak,Bug,40,29,45,29,45,36
516,412,Burmy Sandy Cloak,Bug,40,29,45,29,45,36
517,412,Burmy Trash Cloak,Bug,40,29,45,29,45,36
518,413,Wormadam Plant Cloak,Bug/Grass,60,59,85,79,105,36
519,413,Wormadam Sandy Cloak,Bug/Ground,60,79,105,59,85,36
520,413,Wormadam Trash Cloak,Bug/Steel,60,69,95,69,95,36
521,414,Mothim,Bug/Flying,70,94,50,94,50,66
522,415,Combee,Bug/Flying,30,30,42,30,42,70
523,416,Vespiquen,Bug/Flying,70,80,102,80,102,40
524,417,Pachirisu,Electric,60,45,70,45,90,95
525,418,Buizel,Water,55,65,35,60,30,85
526,419,Floatzel,Water,85,105,55,85,50,115
527,420,Cherubi,Grass,45,35,45,62,53,35
528,421,Cherrim,Grass,70,60,70,87,78,85
529,422,Shellos,Water,76,48,48,57,62,34
530,423,Gastrodon,Water/Ground,111,83,68,92,82,39
531,424,Ambipom,Normal,75,100,66,60,66,115
532,425,Drifloon,Ghost/Flying,90,50,34,60,44,70
533,426,Drifblim,Ghost/Flying,150,80,44,90,54,80
534,427,Buneary,Normal,55,66,44,44,56,85
535,428,Lopunny,Normal,65,76,84,54,96,105
536,428,Mega Lopunny,Normal/Fighting,65,136,94,54,96,135
537,429,Mismagius,Ghost,60,60,60,105,105,105
538,430,Honchkrow,Dark/Flying,100,125,52,105,52,71
539,431,Glameow,Normal,49,55,42,42,37,85
540,432,Purugly,Normal,71,82,64,64,59,112
541,433,Chingling,Psychic,45,30,50,65,50,45
542,434,Stunky,Poison/Dark,63,63,47,41,41,74
543,435,Skuntank,Poison/Dark,103,93,67,71,61,84
544,436,Bronzor,Steel/Psychic,57,24,86,24,86,23
545,437,Bronzong,Steel/Psychic,67,89,116,79,116,33
546,438,Bonsly,Rock,50,80,95,10,45,10
547,439,Mime Jr.,Psychic/Fairy,20,25,45,70,90,60
548,440,Happiny,Normal,100,5,5,15,65,30
549,441,Chatot,Normal/Flying,76,65,45,92,42,91
550,442,Spiritomb,Ghost/Dark,50,92,108,92,108,35
551,443,Gible,Dragon/Ground,58,70,45,40,45,42
552,444,Gabite,Dragon/Ground,68,90,65,50,55,82
553,445,Garchomp,Dragon/Ground,108,130,95,80,85,102
554,445,Mega Garchomp,Dragon/Ground,108,170,115,120,95,92
555,446,Munchlax,Normal,135,85,40,40,85,5
556,447,Riolu,Fighting,40,70,40,35,40,60
557,448,Lucario,Fighting/Steel,70,110,70,115,70,90
558,448,Mega Lucario,Fighting/Steel,70,145,88,140,70,112
559,449,Hippopotas,Ground,68,72,78,38,42,32
560,450,Hippowdon,Ground,108,112,118,68,72,47
561,451,Skorupi,Poison/Bug,40,50,90,30,55,65
562,452,Drapion,Poison/Dark,70,90,110,60,75,95
563,453,Croagunk,Poison/Fighting,48,61,40,61,40,50
564,454,Toxicroak,Poison/Fighting,83,106,65,86,65,85
565,455,Carnivine,Grass,74,100,72,90,72,46
566,456,Finneon,Water,49,49,56,49,61,66
567,457,Lumineon,Water,69,69,76,69,86,91
568,458,Mantyke,Water/Flying,45,20,50,60,120,50
569,459,Snover,Grass/Ice,60,62,50,62,60,40
570,460,Abomasnow,Grass/Ice,90,92,75,92,85,60
571,460,Mega Abomasnow,Grass/Ice,90,132,105,132,105,30
572,461,Weavile,Dark/Ice,70,120,65,45,85,125
573,462,Magnezone,Electric/Steel,70,70,115,130,90,60
574,463,Lickilicky,Normal,110,85,95,80,95,50
575,464,Rhyperior,Ground/Rock,115,140,130,55,55,40
576,465,Tangrowth,Grass,100,100,125,110,50,50
577,466,Electivire,Electric,75,123,67,95,85,95
578,467,Magmortar,Fire,75,95,67,125,95,83
579,468,Togekiss,Fairy/Flying,85,50,95,120,115,80
580,469,Yanmega,Bug/Flying,86,76,86,116,56,95
581,470,Leafeon,Grass,65,110,130,60,65,95
582,471,Glaceon,Ice,65,60,110,130,95,65
583,472,Gliscor,Ground/Flying,75,95,125,45,75,95
584,473,Mamoswine,Ice/Ground,110,130,80,70,60,80
585,474,Porygon-Z,Normal,85,80,70,135,75,90
586,475,Gallade,Psychic/Fighting,68,125,65,65,115,80
587,475,Mega Gallade,Psychic/Fighting,68,165,95,65,115,110
588,476,Probopass,Rock/Steel,60,55,145,75,150,40
589,477,Dusknoir,Ghost,45,100,135,65,135,45
590,478,Froslass,Ice/Ghost,70,80,70,80,70,110
591,479,Rotom Fan Rotom,Electric/Flying,50,65,107,105,107,86
592,479,Rotom Frost Rotom,Electric/Ice,50,65,107,105,107,86
593,479,Rotom Heat Rotom,Electric/Fire,50,65,107,105,107,86
594,479,Rotom Mow Rotom,Electric/Grass,50,65,107,105,107,86
595,479,Rotom Wash Rotom,Electric/Water,50,65,107,105,107,86
596,479,Rotom,Electric/Ghost,50,50,77,95,77,91
597,480,Uxie,Psychic,75,75,130,75,130,95
598,481,Mesprit,Psychic,80,105,105,105,105,80
599,482,Azelf,Psychic,75,125,70,125,70,115
600,483,Dialga Origin Forme,Steel/Dragon,100,100,120,150,120,90
601,483,Dialga,Steel/Dragon,100,120,120,150,100,90
602,484,Palkia Origin Forme,Water/Dragon,90,100,100,150,120,120
603,484,Palkia,Water/Dragon,90,120,100,150,120,100
604,485,Heatran,Fire/Steel,91,90,106,130,106,77
605,486,Regigigas,Normal,110,160,110,80,110,100
606,487,Giratina Altered Forme,Ghost/Dragon,150,100,120,100,120,90
607,487,Giratina Origin Forme,Ghost/Dragon,150,120,100,120,100,90
608,488,Cresselia,Psychic,120,70,110,75,120,85
609,489,Phione,Water,80,80,80,80,80,80
610,490,Manaphy,Water,100,100,100,100,100,100
611,491,rai,Dark,70,90,90,135,90,125
612,492,Shaymin Land Forme,Grass,100,100,100,100,100,100
613,492,Shaymin Sky Forme,Grass/Flying,100,103,75,120,75,127
614,493,Arceus,Normal,120,120,120,120,120,120
615,494,Victini,Psychic/Fire,100,100,100,100,100,100
616,495,Snivy,Grass,45,45,55,45,55,63
617,496,Servine,Grass,60,60,75,60,75,83
618,497,Serperior,Grass,75,75,95,75,95,113
619,498,Tepig,Fire,65,63,45,45,45,45
620,499,Pignite,Fire/Fighting,90,93,55,70,55,55
621,500,Emboar,Fire/Fighting,110,123,65,100,65,65
622,501,Oshawott,Water,55,55,45,63,45,45
623,502,Dewott,Water,75,75,60,83,60,60
624,503,Hisuian Samurott,Water/Dark,90,108,80,100,65,85
625,503,Samurott,Water,95,100,85,108,70,70
626,504,Patrat,Normal,45,55,39,35,39,42
627,505,Watchog,Normal,60,85,69,60,69,77
628,506,Lillipup,Normal,45,60,45,25,45,55
629,507,Herdier,Normal,65,80,65,35,65,60
630,508,Stoutland,Normal,85,110,90,45,90,80
631,509,Purrloin,Dark,41,50,37,50,37,66
632,510,Liepard,Dark,64,88,50,88,50,106
633,511,Pansage,Grass,50,53,48,53,48,64
634,512,Simisage,Grass,75,98,63,98,63,101
635,513,Pansear,Fire,50,53,48,53,48,64
636,514,Simisear,Fire,75,98,63,98,63,101
637,515,Panpour,Water,50,53,48,53,48,64
638,516,Simipour,Water,75,98,63,98,63,101
639,517,Munna,Psychic,76,25,45,67,55,24
640,518,Musharna,Psychic,116,55,85,107,95,29
641,519,Pidove,Normal/Flying,50,55,50,36,30,43
642,520,Tranquill,Normal/Flying,62,77,62,50,42,65
643,521,Unfezant,Normal/Flying,80,115,80,65,55,93
644,522,Blitzle,Electric,45,60,32,50,32,76
645,523,Zebstrika,Electric,75,100,63,80,63,116
646,524,Roggenrola,Rock,55,75,85,25,25,15
647,525,Boldore,Rock,70,105,105,50,40,20
648,526,Gigalith,Rock,85,135,130,60,80,25
649,527,Woobat,Psychic/Flying,65,45,43,55,43,72
650,528,Swoobat,Psychic/Flying,67,57,55,77,55,114
651,529,Drilbur,Ground,60,85,40,30,45,68
652,530,Excadrill,Ground/Steel,110,135,60,50,65,88
653,531,Audino,Normal,103,60,86,60,86,50
654,531,Mega Audino,Normal/Fairy,103,60,126,80,126,50
655,532,Timburr,Fighting,75,80,55,25,35,35
656,533,Gurdurr,Fighting,85,105,85,40,50,40
657,534,Conkeldurr,Fighting,105,140,95,55,65,45
658,535,Tympole,Water,50,50,40,50,40,64
659,536,Palpitoad,Water/Ground,75,65,55,65,55,69
660,537,Seismitoad,Water/Ground,105,95,75,85,75,74
661,538,Throh,Fighting,120,100,85,30,85,45
662,539,Sawk,Fighting,75,125,75,30,75,85
663,540,Sewaddle,Bug/Grass,45,53,70,40,60,42
664,541,Swadloon,Bug/Grass,55,63,90,50,80,42
665,542,Leavanny,Bug/Grass,75,103,80,70,80,92
666,543,Venipede,Bug/Poison,30,45,59,30,39,57
667,544,Whirlipede,Bug/Poison,40,55,99,40,79,47
668,545,Scolipede,Bug/Poison,60,100,89,55,69,112
669,546,Cottonee,Grass/Fairy,40,27,60,37,50,66
670,547,Whimsicott,Grass/Fairy,60,67,85,77,75,116
671,548,Petilil,Grass,45,35,50,70,50,30
672,549,Hisuian Lilligant,Grass/Fighting,70,105,75,50,75,105
673,549,Lilligant,Grass,70,60,75,110,75,90
674,550,Basculin Blue-Striped Form,Water,70,92,65,80,55,98
675,550,Basculin Red-Striped Form,Water,70,92,65,80,55,98
676,550,Basculin White-Striped Form,Water,70,92,65,80,55,98
677,551,Sandile,Ground/Dark,50,72,35,35,35,65
678,552,Krokorok,Ground/Dark,60,82,45,45,45,74
679,553,Krookodile,Ground/Dark,95,117,80,65,70,92
680,554,Galarian Darumaka,Ice,70,90,45,15,45,50
681,554,Darumaka,Fire,70,90,45,15,45,50
682,555,Darmanitan Galarian Standard Mode,Ice,105,140,55,30,55,95
683,555,Darmanitan Galarian Zen Mode,Ice/Fire,105,160,55,30,55,135
684,555,Darmanitan Standard Mode,Fire,105,140,55,30,55,95
685,555,Darmanitan Zen Mode,Fire/Psychic,105,30,105,140,105,55
686,556,Maractus,Grass,75,86,67,106,67,60
687,557,Dwebble,Bug/Rock,50,65,85,35,35,55
688,558,Crustle,Bug/Rock,70,105,125,65,75,45
689,559,Scraggy,Dark/Fighting,50,75,70,35,70,48
690,560,Scrafty,Dark/Fighting,65,90,115,45,115,58
691,561,Sigilyph,Psychic/Flying,72,58,80,103,80,97
692,562,Galarian Yamask,Ground/Ghost,38,55,85,30,65,30
693,562,Yamask,Ghost,38,30,85,55,65,30
694,563,Cofagrigus,Ghost,58,50,145,95,105,30
695,564,Tirtouga,Water/Rock,54,78,103,53,45,22
696,565,Carracosta,Water/Rock,74,108,133,83,65,32
697,566,Archen,Rock/Flying,55,112,45,74,45,70
698,567,Archeops,Rock/Flying,75,140,65,112,65,110
699,568,Trubbish,Poison,50,50,62,40,62,65
700,569,Garbodor,Poison,80,95,82,60,82,75
701,570,Hisuian Zorua,Normal/Ghost,35,60,40,85,40,70
702,570,Zorua,Dark,40,65,40,80,40,65
703,571,Hisuian Zoroark,Normal/Ghost,60,105,60,120,60,105
704,571,Zoroark,Dark,60,105,60,120,60,105
705,572,Minccino,Normal,55,50,40,40,40,75
706,573,Cinccino,Normal,75,95,60,65,60,115
707,574,Gothita,Psychic,45,30,50,55,65,45
708,575,Gothorita,Psychic,60,45,70,75,85,55
709,576,Gothitelle,Psychic,70,55,95,95,110,65
710,577,Solosis,Psychic,45,30,40,105,50,20
711,578,Duosion,Psychic,65,40,50,125,60,30
712,579,Reuniclus,Psychic,110,65,75,125,85,30
713,580,Ducklett,Water/Flying,62,44,50,44,50,55
714,581,Swanna,Water/Flying,75,87,63,87,63,98
715,582,Vanillite,Ice,36,50,50,65,60,44
716,583,Vanillish,Ice,51,65,65,80,75,59
717,584,Vanilluxe,Ice,71,95,85,110,95,79
718,585,Deerling,Normal/Grass,60,60,50,40,50,75
719,586,Sawsbuck,Normal/Grass,80,100,70,60,70,95
720,587,Emolga,Electric/Flying,55,75,60,75,60,103
721,588,Karrablast,Bug,50,75,45,40,45,60
722,589,Escavalier,Bug/Steel,70,135,105,60,105,20
723,590,Foongus,Grass/Poison,69,55,45,55,55,15
724,591,Amoonguss,Grass/Poison,114,85,70,85,80,30
725,592,Frillish,Water/Ghost,55,40,50,65,85,40
726,593,Jellicent,Water/Ghost,100,60,70,85,105,60
727,594,Alomomola,Water,165,75,80,40,45,65
728,595,Joltik,Bug/Electric,50,47,50,57,50,65
729,596,Galvantula,Bug/Electric,70,77,60,97,60,108
730,597,Ferroseed,Grass/Steel,44,50,91,24,86,10
731,598,Ferrothorn,Grass/Steel,74,94,131,54,116,20
732,599,Klink,Steel,40,55,70,45,60,30
733,600,Klang,Steel,60,80,95,70,85,50
734,601,Klinklang,Steel,60,100,115,70,85,90
735,602,Tynamo,Electric,35,55,40,45,40,60
736,603,Eelektrik,Electric,65,85,70,75,70,40
737,604,Eelektross,Electric,85,115,80,105,80,50
738,605,Elgyem,Psychic,55,55,55,85,55,30
739,606,Beheeyem,Psychic,75,75,75,125,95,40
740,607,Litwick,Ghost/Fire,50,30,55,65,55,20
741,608,Lampent,Ghost/Fire,60,40,60,95,60,55
742,609,Chandelure,Ghost/Fire,60,55,90,145,90,80
743,610,Axew,Dragon,46,87,60,30,40,57
744,611,Fraxure,Dragon,66,117,70,40,50,67
745,612,Haxorus,Dragon,76,147,90,60,70,97
746,613,Cubchoo,Ice,55,70,40,60,40,40
747,614,Beartic,Ice,95,130,80,70,80,50
748,615,Cryogonal,Ice,80,50,50,95,135,105
749,616,Shelmet,Bug,50,40,85,40,65,25
750,617,Accelgor,Bug,80,70,40,100,60,145
751,618,Galarian Stunfisk,Ground/Steel,109,81,99,66,84,32
752,618,Stunfisk,Ground/Electric,109,66,84,81,99,32
753,619,Mienfoo,Fighting,45,85,50,55,50,65
754,620,Mienshao,Fighting,65,125,60,95,60,105
755,621,Druddigon,Dragon,77,120,90,60,90,48
756,622,Golett,Ground/Ghost,59,74,50,35,50,35
757,623,Golurk,Ground/Ghost,89,124,80,55,80,55
758,624,Pawniard,Dark/Steel,45,85,70,40,40,60
759,625,Bisharp,Dark/Steel,65,125,100,60,70,70
760,626,Bouffalant,Normal,95,110,95,40,95,55
761,627,Rufflet,Normal/Flying,70,83,50,37,50,60
762,628,Hisuian Braviary,Psychic/Flying,110,83,70,112,70,65
763,628,Braviary,Normal/Flying,100,123,75,57,75,80
764,629,Vullaby,Dark/Flying,70,55,75,45,65,60
765,630,Mandibuzz,Dark/Flying,110,65,105,55,95,80
766,631,Heatmor,Fire,85,97,66,105,66,65
767,632,Durant,Bug/Steel,58,109,112,48,48,109
768,633,Deino,Dark/Dragon,52,65,50,45,50,38
769,634,Zweilous,Dark/Dragon,72,85,70,65,70,58
770,635,Hydreigon,Dark/Dragon,92,105,90,125,90,98
771,636,Larvesta,Bug/Fire,55,85,55,50,55,60
772,637,Volcarona,Bug/Fire,85,60,65,135,105,100
773,638,Cobalion,Steel/Fighting,91,90,129,90,72,108
774,639,Terrakion,Rock/Fighting,91,129,90,72,90,108
775,640,Virizion,Grass/Fighting,91,90,72,90,129,108
776,641,Tornadus Incarnate Forme,Flying,79,115,70,125,80,111
777,641,Tornadus Therian Forme,Flying,79,100,80,110,90,121
778,642,Thundurus Incarnate Forme,Electric/Flying,79,115,70,125,80,111
779,642,Thundurus Therian Forme,Electric/Flying,79,105,70,145,80,101
780,643,Reshiram,Dragon/Fire,100,120,100,150,120,90
781,644,Zekrom,Dragon/Electric,100,150,120,120,100,90
782,645,Landorus Incarnate Forme,Ground/Flying,89,125,90,115,80,101
783,645,Landorus Therian Forme,Ground/Flying,89,145,90,105,80,91
784,646,Kyurem Black,Dragon/Ice,125,170,100,120,90,95
785,646,Kyurem White,Dragon/Ice,125,120,90,170,100,95
786,646,Kyurem,Dragon/Ice,125,130,90,130,90,95
787,647,Keldeo Ordinary Form,Water/Fighting,91,72,90,129,90,108
788,647,Keldeo Resolute Form,Water/Fighting,91,72,90,129,90,108
789,648,Meloetta Aria Forme,Normal/Psychic,100,77,77,128,128,90
790,648,Meloetta Pirouette Forme,Normal/Fighting,100,128,90,77,77,128
791,649,Genesect,Bug/Steel,71,120,95,120,95,99
792,650,Chespin,Grass,56,61,65,48,45,38
793,651,Quilladin,Grass,61,78,95,56,58,57
794,652,Chesnaught,Grass/Fighting,88,107,122,74,75,64
795,653,Fennekin,Fire,40,45,40,62,60,60
796,654,Braixen,Fire,59,59,58,90,70,73
797,655,Delphox,Fire/Psychic,75,69,72,114,100,104
798,656,Froakie,Water,41,56,40,62,44,71
799,657,Frogadier,Water,54,63,52,83,56,97
800,658,Ash-Greninja,Water/Dark,72,145,67,153,71,132
801,658,Greninja,Water/Dark,72,95,67,103,71,122
802,659,Bunnelby,Normal,38,36,38,32,36,57
803,660,Diggersby,Normal/Ground,85,56,77,50,77,78
804,661,Fletchling,Normal/Flying,45,50,43,40,38,62
805,662,Fletchinder,Fire/Flying,62,73,55,56,52,84
806,663,Talonflame,Fire/Flying,78,81,71,74,69,126
807,664,Scatterbug,Bug,38,35,40,27,25,35
808,665,Spewpa,Bug,45,22,60,27,30,29
809,666,Vivillon,Bug/Flying,80,52,50,90,50,89
810,667,Litleo,Fire/Normal,62,50,58,73,54,72
811,668,Pyroar,Fire/Normal,86,68,72,109,66,106
812,669,Flabebe,Fairy,44,38,39,61,79,42
813,670,Floette,Fairy,54,45,47,75,98,52
814,671,Florges,Fairy,78,65,68,112,154,75
815,672,Skiddo,Grass,66,65,48,62,57,52
816,673,Gogoat,Grass,123,100,62,97,81,68
817,674,Pancham,Fighting,67,82,62,46,48,43
818,675,Pangoro,Fighting/Dark,95,124,78,69,71,58
819,676,Furfrou,Normal,75,80,60,65,90,102
820,677,Espurr,Psychic,62,48,54,63,60,68
821,678,Meowstic Female,Psychic,74,48,76,83,81,104
822,678,Meowstic Male,Psychic,74,48,76,83,81,104
823,679,Honedge,Steel/Ghost,45,80,100,35,37,28
824,680,Doublade,Steel/Ghost,59,110,150,45,49,35
825,681,Aegislash Blade Forme,Steel/Ghost,60,140,50,140,50,60
826,681,Aegislash Shield Forme,Steel/Ghost,60,50,140,50,140,60
827,682,Spritzee,Fairy,78,52,60,63,65,23
828,683,Aromatisse,Fairy,101,72,72,99,89,29
829,684,Swirlix,Fairy,62,48,66,59,57,49
830,685,Slurpuff,Fairy,82,80,86,85,75,72
831,686,Inkay,Dark/Psychic,53,54,53,37,46,45
832,687,Malamar,Dark/Psychic,86,92,88,68,75,73
833,688,Binacle,Rock/Water,42,52,67,39,56,50
834,689,Barbaracle,Rock/Water,72,105,115,54,86,68
835,690,Skrelp,Poison/Water,50,60,60,60,60,30
836,691,Dragalge,Poison/Dragon,65,75,90,97,123,44
837,692,Clauncher,Water,50,53,62,58,63,44
838,693,Clawitzer,Water,71,73,88,120,89,59
839,694,Helioptile,Electric/Normal,44,38,33,61,43,70
840,695,Heliolisk,Electric/Normal,62,55,52,109,94,109
841,696,Tyrunt,Rock/Dragon,58,89,77,45,45,48
842,697,Tyrantrum,Rock/Dragon,82,121,119,69,59,71
843,698,Amaura,Rock/Ice,77,59,50,67,63,46
844,699,Aurorus,Rock/Ice,123,77,72,99,92,58
845,700,Sylveon,Fairy,95,65,65,110,130,60
846,701,Hawlucha,Fighting/Flying,78,92,75,74,63,118
847,702,Dedenne,Electric/Fairy,67,58,57,81,67,101
848,703,Carbink,Rock/Fairy,50,50,150,50,150,50
849,704,Goomy,Dragon,45,50,35,55,75,40
850,705,Hisuian Sliggoo,Steel/Dragon,58,75,83,83,113,40
851,705,Sliggoo,Dragon,68,75,53,83,113,60
852,706,Hisuian Goodra,Steel/Dragon,80,100,100,110,150,60
853,706,Goodra,Dragon,90,100,70,110,150,80
854,707,Klefki,Steel/Fairy,57,80,91,80,87,75
855,708,Phantump,Ghost/Grass,43,70,48,50,60,38
856,709,Trevenant,Ghost/Grass,85,110,76,65,82,56
857,710,Pumpkaboo Average Size,Ghost/Grass,49,66,70,44,55,51
858,710,Pumpkaboo Large Size,Ghost/Grass,54,66,70,44,55,46
859,710,Pumpkaboo Small Size,Ghost/Grass,44,66,70,44,55,56
860,710,Pumpkaboo Super Size,Ghost/Grass,59,66,70,44,55,41
861,711,Gourgeist Average Size,Ghost/Grass,65,90,122,58,75,84
862,711,Gourgeist Large Size,Ghost/Grass,75,95,122,58,75,69
863,711,Gourgeist Small Size,Ghost/Grass,55,85,122,58,75,99
864,711,Gourgeist Super Size,Ghost/Grass,85,100,122,58,75,54
865,712,Bergmite,Ice,55,69,85,32,35,28
866,713,Hisuian Avalugg,Ice/Rock,95,127,184,34,36,38
867,713,Avalugg,Ice,95,117,184,44,46,28
868,714,Noibat,Flying/Dragon,40,30,35,45,40,55
869,715,Noivern,Flying/Dragon,85,70,80,97,80,123
870,716,Xerneas,Fairy,126,131,95,131,98,99
871,717,Yveltal,Dark/Flying,126,131,95,131,98,99
872,718,Zygarde 10% Forme,Dragon/Ground,54,100,71,61,85,115
873,718,Zygarde 50% Forme,Dragon/Ground,108,100,121,81,95,95
874,718,Zygarde Complete Forme,Dragon/Ground,216,100,121,91,95,85
875,719,Diancie,Rock/Fairy,50,100,150,100,150,50
876,719,Mega Diancie,Rock/Fairy,50,160,110,160,110,110
877,720,Hoopa Hoopa Confined,Psychic/Ghost,80,110,60,150,130,70
878,720,Hoopa Hoopa Unbound,Psychic/Dark,80,160,60,170,130,80
879,721,Volcanion,Fire/Water,80,110,120,130,90,70
880,722,Rowlet,Grass/Flying,68,55,55,50,50,42
881,723,Dartrix,Grass/Flying,78,75,75,70,70,52
882,724,Decidueye Hisuian Decidueye,Grass/Fighting,88,112,80,95,95,60
883,724,Decidueye,Grass/Ghost,78,107,75,100,100,70
884,725,Litten,Fire,45,65,40,60,40,70
885,726,Torracat,Fire,65,85,50,80,50,90
886,727,Incineroar,Fire/Dark,95,115,90,80,90,60
887,728,Popplio,Water,50,54,54,66,56,40
888,729,Brionne,Water,60,69,69,91,81,50
889,730,Primarina,Water/Fairy,80,74,74,126,116,60
890,731,Pikipek,Normal/Flying,35,75,30,30,30,65
891,732,Trumbeak,Normal/Flying,55,85,50,40,50,75
892,733,Toucannon,Normal/Flying,80,120,75,75,75,60
893,734,Yungoos,Normal,48,70,30,30,30,45
894,735,Gumshoos,Normal,88,110,60,55,60,45
895,736,Grubbin,Bug,47,62,45,55,45,46
896,737,Charjabug,Bug/Electric,57,82,95,55,75,36
897,738,Vikavolt,Bug/Electric,77,70,90,145,75,43
898,739,Crabrawler,Fighting,47,82,57,42,47,63
899,740,Crabominable,Fighting/Ice,97,132,77,62,67,43
900,741,Oricorio Baile Style,Fire/Flying,75,70,70,98,70,93
901,741,Oricorio Pa'u Style,Psychic/Flying,75,70,70,98,70,93
902,741,Oricorio Pom-Pom Style,Electric/Flying,75,70,70,98,70,93
903,741,Oricorio Sensu Style,Ghost/Flying,75,70,70,98,70,93
904,742,Cutiefly,Bug/Fairy,40,45,40,55,40,84
905,743,Ribombee,Bug/Fairy,60,55,60,95,70,124
906,744,ruff Own Tempo ruff,Rock/Rock,45,65,40,30,40,60
907,744,ruff,Rock,45,65,40,30,40,60
908,745,Lycanroc Dusk Form,Rock,75,117,65,55,65,110
909,745,Lycanroc Midday Form,Rock,75,115,65,55,65,112
910,745,Lycanroc Midnight Form,Rock,85,115,75,55,75,82
911,746,Wishiwashi School Form,Water,45,140,130,140,135,30
912,746,Wishiwashi Solo Form,Water,45,20,20,25,25,40
913,747,Mareanie,Poison/Water,50,53,62,43,52,45
914,748,Toxapex,Poison/Water,50,63,152,53,142,35
915,749,Mudbray,Ground,70,100,70,45,55,45
916,750,Mudsdale,Ground,100,125,100,55,85,35
917,751,Dewpider,Water/Bug,38,40,52,40,72,27
918,752,Araquanid,Water/Bug,68,70,92,50,132,42
919,753,Fomantis,Grass,40,55,35,50,35,35
920,754,Lurantis,Grass,70,105,90,80,90,45
921,755,Morelull,Grass/Fairy,40,35,55,65,75,15
922,756,Shiinotic,Grass/Fairy,60,45,80,90,100,30
923,757,Salandit,Poison/Fire,48,44,40,71,40,77
924,758,Salazzle,Poison/Fire,68,64,60,111,60,117
925,759,Stufful,Normal/Fighting,70,75,50,45,50,50
926,760,Bewear,Normal/Fighting,120,125,80,55,60,60
927,761,Bounsweet,Grass,42,30,38,30,38,32
928,762,Steenee,Grass,52,40,48,40,48,62
929,763,Tsareena,Grass,72,120,98,50,98,72
930,764,Comfey,Fairy,51,52,90,82,110,100
931,765,Oranguru,Normal/Psychic,90,60,80,90,110,60
932,766,Passimian,Fighting,100,120,90,40,60,80
933,767,Wimpod,Bug/Water,25,35,40,20,30,80
934,768,Golisopod,Bug/Water,75,125,140,60,90,40
935,769,Sandygast,Ghost/Ground,55,55,80,70,45,15
936,770,Palossand,Ghost/Ground,85,75,110,100,75,35
937,771,Pyukumuku,Water,55,60,130,30,130,5
938,772,Type: Null,Normal,95,95,95,95,95,59
939,773,Silvally,Normal,95,95,95,95,95,95
940,774,Minior Core Form,Rock/Flying,60,100,60,100,60,120
941,774,Minior Meteor Form,Rock/Flying,60,60,100,60,100,60
942,775,Komala,Normal,65,115,65,75,95,65
943,776,Turtonator,Fire/Dragon,60,78,135,91,85,36
944,777,Togedemaru,Electric/Steel,65,98,63,40,73,96
945,778,Mimikyu,Ghost/Fairy,55,90,80,50,105,96
946,779,Bruxish,Water/Psychic,68,105,70,70,70,92
947,780,Drampa,Normal/Dragon,78,60,85,135,91,36
948,781,Dhelmise,Ghost/Grass,70,131,100,86,90,40
949,782,Jangmo-o,Dragon,45,55,65,45,45,45
950,783,Hakamo-o,Dragon/Fighting,55,75,90,65,70,65
951,784,Kommo-o,Dragon/Fighting,75,110,125,100,105,85
952,785,Tapu Koko,Electric/Fairy,70,115,85,95,75,130
953,786,Tapu Lele,Psychic/Fairy,70,85,75,130,115,95
954,787,Tapu Bulu,Grass/Fairy,70,130,115,85,95,75
955,788,Tapu Fini,Water/Fairy,70,75,115,95,130,85
956,789,Cosmog,Psychic,43,29,31,29,31,37
957,790,Cosmoem,Psychic,43,29,131,29,131,37
958,791,Solgaleo,Psychic/Steel,137,137,107,113,89,97
959,792,Lunala,Psychic/Ghost,137,113,89,137,107,97
960,793,Nihilego,Rock/Poison,109,53,47,127,131,103
961,794,Buzzwole,Bug/Fighting,107,139,139,53,53,79
962,795,Pheromosa,Bug/Fighting,71,137,37,137,37,151
963,796,Xurkitree,Electric,83,89,71,173,71,83
964,797,Celesteela,Steel/Flying,97,101,103,107,101,61
965,798,Kartana,Grass/Steel,59,181,131,59,31,109
966,799,Guzzlord,Dark/Dragon,223,101,53,97,53,43
967,800,Necrozma Dawn Wings Necrozma,Psychic/Ghost,97,113,109,157,127,77
968,800,Necrozma Dusk Mane Necrozma,Psychic/Steel,97,157,127,113,109,77
969,800,Necrozma Ultra Necrozma,Psychic/Dragon,97,167,97,167,97,129
970,800,Necrozma,Psychic,97,107,101,127,89,79
971,801,Magearna,Steel/Fairy,80,95,115,130,115,65
972,802,Marshadow,Fighting/Ghost,90,125,80,90,90,125
973,803,Poipole,Poison,67,73,67,73,67,73
974,804,Naganadel,Poison/Dragon,73,73,73,127,73,121
975,805,Stakataka,Rock/Steel,61,131,211,53,101,13
976,806,Blacephalon,Fire/Ghost,53,127,53,151,79,107
977,807,Zeraora,Electric,88,112,75,102,80,143
978,808,Meltan,Steel,46,65,65,55,35,34
979,809,Melmetal,Steel,135,143,143,80,65,34
980,810,Grookey,Grass,50,65,50,40,40,65
981,811,Thwackey,Grass,70,85,70,55,60,80
982,812,Rillaboom,Grass,100,125,90,60,70,85
983,813,Scorbunny,Fire,50,71,40,40,40,69
984,814,Raboot,Fire,65,86,60,55,60,94
985,815,Cinderace,Fire,80,116,75,65,75,119
986,816,Sobble,Water,50,40,40,70,40,70
987,817,Drizzile,Water,65,60,55,95,55,90
988,818,Inteleon,Water,70,85,65,125,65,120
989,819,Skwovet,Normal,70,55,55,35,35,25
990,820,Greedent,Normal,120,95,95,55,75,20
991,821,Rookidee,Flying,38,47,35,33,35,57
992,822,Corvisquire,Flying,68,67,55,43,55,77
993,823,Corviknight,Flying/Steel,98,87,105,53,85,67
994,824,Blipbug,Bug,25,20,20,25,45,45
995,825,Dottler,Bug/Psychic,50,35,80,50,90,30
996,826,Orbeetle,Bug/Psychic,60,45,110,80,120,90
997,827,Nickit,Dark,40,28,28,47,52,50
998,828,Thievul,Dark,70,58,58,87,92,90
999,829,Gossifleur,Grass,40,40,60,40,60,10
1000,830,Eldegoss,Grass,60,50,90,80,120,60
1001,831,Wooloo,Normal,42,40,55,40,45,48
1002,832,Dubwool,Normal,72,80,100,60,90,88
1003,833,Chewtle,Water,50,64,50,38,38,44
1004,834,Drednaw,Water/Rock,90,115,90,48,68,74
1005,835,Yamper,Electric,59,45,50,40,50,26
1006,836,Boltund,Electric,69,90,60,90,60,121
1007,837,Rolycoly,Rock,30,40,50,40,50,30
1008,838,Carkol,Rock/Fire,80,60,90,60,70,50
1009,839,Coalossal,Rock/Fire,110,80,120,80,90,30
1010,840,Applin,Grass/Dragon,40,40,80,40,40,20
1011,841,Flapple,Grass/Dragon,70,110,80,95,60,70
1012,842,Appletun,Grass/Dragon,110,85,80,100,80,30
1013,843,Silicobra,Ground,52,57,75,35,50,46
1014,844,Sandaconda,Ground,72,107,125,65,70,71
1015,845,Cramorant,Flying/Water,70,85,55,85,95,85
1016,846,Arrokuda,Water,41,63,40,40,30,66
1017,847,Barraskewda,Water,61,123,60,60,50,136
1018,848,Toxel,Electric/Poison,40,38,35,54,35,40
1019,849,Toxtricity Amped Form,Electric/Poison,75,98,70,114,70,75
1020,849,Toxtricity Low Key Form,Electric/Poison,75,98,70,114,70,75
1021,850,Sizzlipede,Fire/Bug,50,65,45,50,50,45
1022,851,Centiskorch,Fire/Bug,100,115,65,90,90,65
1023,852,Clobbopus,Fighting,50,68,60,50,50,32
1024,853,Grapploct,Fighting,80,118,90,70,80,42
1025,854,Sinistea,Ghost,40,45,45,74,54,50
1026,855,Polteageist,Ghost,60,65,65,134,114,70
1027,856,Hatenna,Psychic,42,30,45,56,53,39
1028,857,Hattrem,Psychic,57,40,65,86,73,49
1029,858,Hatterene,Psychic/Fairy,57,90,95,136,103,29
1030,859,Impidimp,Dark/Fairy,45,45,30,55,40,50
1031,860,Morgrem,Dark/Fairy,65,60,45,75,55,70
1032,861,Grimmsnarl,Dark/Fairy,95,120,65,95,75,60
1033,862,Obstagoon,Dark/Normal,93,90,101,60,81,95
1034,863,Perrserker,Steel,70,110,100,50,60,50
1035,864,Cursola,Ghost,60,95,50,145,130,30
1036,865,Sirfetch'd,Fighting,62,135,95,68,82,65
1037,866,Mr. Rime,Ice/Psychic,80,85,75,110,100,70
1038,867,Runerigus,Ground/Ghost,58,95,145,50,105,30
1039,868,Milcery,Fairy,45,40,40,50,61,34
1040,869,Alcremie,Fairy,65,60,75,110,121,64
1041,870,Falinks,Fighting,65,100,100,70,60,75
1042,871,Pincurchin,Electric,48,101,95,91,85,15
1043,872,Snom,Ice/Bug,30,25,35,45,30,20
1044,873,Frosmoth,Ice/Bug,70,65,60,125,90,65
1045,874,Stonjourner,Rock,100,125,135,20,20,70
1046,875,Eiscue Face,Ice/Ice,75,80,110,65,90,50
1047,875,Eiscue Noice Face,Ice,75,80,70,65,50,130
1048,876,Indeedee F,Psychic/Normal,70,55,65,95,105,85
1049,876,Indeedee M,Psychic/Normal,60,65,55,105,95,95
1050,877,Morpeko Full Belly Mode,Electric/Dark,58,95,58,70,58,97
1051,877,Morpeko Hangry Mode,Electric/Dark,58,95,58,70,58,97
1052,878,Cufant,Steel,72,80,49,40,49,40
1053,879,Copperajah,Steel,122,130,69,80,69,30
1054,880,Dracozolt,Electric/Dragon,90,100,90,80,70,75
1055,881,Arctozolt,Electric/Ice,90,100,90,90,80,55
1056,882,Dracovish,Water/Dragon,90,90,100,70,80,75
1057,883,Arctovish,Water/Ice,90,90,100,80,90,55
1058,884,Duraludon,Steel/Dragon,70,95,115,120,50,85
1059,885,Dreepy,Dragon/Ghost,28,60,30,40,30,82
1060,886,Drakloak,Dragon/Ghost,68,80,50,60,50,102
1061,887,Dragapult,Dragon/Ghost,88,120,75,100,75,142
1062,888,Zacian Crowned Sword,Fairy/Steel,92,150,115,80,115,148
1063,888,Zacian Hero of Many Battles,Fairy,92,120,115,80,115,138
1064,889,Zamazenta Crowned Shield,Fighting/Steel,92,120,140,80,140,128
1065,889,Zamazenta Hero of Many Battles,Fighting,92,120,115,80,115,138
1066,890,Eternatus Eternamax,Poison/Dragon,255,115,250,125,250,130
1067,890,Eternatus,Poison/Dragon,140,85,95,145,95,130
1068,891,Kubfu,Fighting,60,90,60,53,50,72
1069,892,Urshifu Rapid Strike Style,Fighting/Water,100,130,100,63,60,97
1070,892,Urshifu Single Strike Style,Fighting/Dark,100,130,100,63,60,97
1071,893,Zarude,Dark/Grass,105,120,105,70,95,105
1072,894,Regieleki,Electric,80,100,50,100,50,200
1073,895,Regidrago,Dragon,200,100,50,100,50,80
1074,896,Glastrier,Ice,100,145,130,65,110,30
1075,897,Spectrier,Ghost,100,65,60,145,80,130
1076,898,Calyrex Rider,Ice/Psychic/Ice,100,165,150,85,130,50
1077,898,Calyrex Shadow Rider,Psychic/Ghost,100,85,80,165,100,150
1078,898,Calyrex,Psychic/Grass,100,80,80,80,80,80
1079,899,Wyrdeer,Normal/Psychic,103,105,72,105,75,65
1080,900,Kleavor,Bug/Rock,70,130,95,45,75,85
1081,901,Ursaluna,Ground/Normal,130,140,105,45,80,50
1082,902,Basculegion Female,Water/Ghost,120,92,65,100,75,78
1083,902,Basculegion Male,Water/Ghost,120,112,65,80,75,78
1084,903,Sneasler,Poison/Fighting,80,130,60,40,80,120
1085,904,Overqwil,Dark/Poison,85,115,95,65,65,85
1086,905,Enamorus Incarnate Forme,Fairy/Flying,74,115,70,135,80,106
1087,905,Enamorus Therian Forme,Fairy/Flying,74,115,110,135,100,46
1088,906,Sprigatito,Grass,40,61,54,45,45,65
1089,907,Floragato,Grass,61,80,63,60,63,83
1090,908,Meowscarada,Grass/Dark,76,110,70,81,70,123
1091,909,Fuecoco,Fire,67,45,59,63,40,36
1092,910,Crocalor,Fire,81,55,78,90,58,49
1093,911,Skeledirge,Fire/Ghost,104,75,100,110,75,66
1094,912,Quaxly,Water,55,65,45,50,45,50
1095,913,Quaxwell,Water,70,85,65,65,60,65
1096,914,Quaquaval,Water/Fighting,85,120,80,85,75,85
1097,915,Lechonk,Normal,54,45,40,35,45,35
1098,916,Oinkologne Female,Normal,115,90,70,59,90,65
1099,916,Oinkologne Male,Normal,110,100,75,59,80,65
1100,917,Tarountula,Bug,35,41,45,29,40,20
1101,918,Spidops,Bug,60,79,92,52,86,35
1102,919,Nymble,Bug,33,46,40,21,25,45
1103,920,Lokix,Bug/Dark,71,102,78,52,55,92
1104,921,Pawmi,Electric,45,50,20,40,25,60
1105,922,Pawmo,Electric/Fighting,60,75,40,50,40,85
1106,923,Pawmot,Electric/Fighting,70,115,70,70,60,105
1107,924,Tandemaus,Normal,50,50,45,40,45,75
1108,925,Maushold Family of Four,Normal,74,75,70,65,75,111
1109,925,Maushold Family of Three,Normal,74,75,70,65,75,111
1110,926,Fidough,Fairy,37,55,70,30,55,65
1111,927,Dachsbun,Fairy,57,80,115,50,80,95
1112,928,Smoliv,Grass/Normal,41,35,45,58,51,30
1113,929,Dolliv,Grass/Normal,52,53,60,78,78,33
1114,930,Arboliva,Grass/Normal,78,69,90,125,109,39
1115,931,Squawkabilly Blue Plumage,Normal/Flying,82,96,51,45,51,92
1116,931,Squawkabilly Green Plumage,Normal/Flying,82,96,51,45,51,92
1117,931,Squawkabilly White Plumage,Normal/Flying,82,96,51,45,51,92
1118,931,Squawkabilly Yellow Plumage,Normal/Flying,82,96,51,45,51,92
1119,932,Nacli,Rock,55,55,75,35,35,25
1120,933,Naclstack,Rock,60,60,100,35,65,35
1121,934,Garganacl,Rock,100,100,130,45,90,35
1122,935,Charcadet,Fire,40,50,40,50,40,35
1123,936,Armarouge,Fire/Psychic,85,60,100,125,80,75
1124,937,Ceruledge,Fire/Ghost,75,125,80,60,100,85
1125,938,Tadbulb,Electric,61,31,41,59,35,45
1126,939,Bellibolt,Electric,109,64,91,103,83,45
1127,940,Wattrel,Electric/Flying,40,40,35,55,40,70
1128,941,Kilowattrel,Electric/Flying,70,70,60,105,60,125
1129,942,Maschiff,Dark,60,78,60,40,51,51
1130,943,Mabosstiff,Dark,80,120,90,60,70,85
1131,944,Shroodle,Poison/Normal,40,65,35,40,35,75
1132,945,Grafaiai,Poison/Normal,63,95,65,80,72,110
1133,946,Bramblin,Grass/Ghost,40,65,30,45,35,60
1134,947,Brambleghast,Grass/Ghost,55,115,70,80,70,90
1135,948,Toedscool,Ground/Grass,40,40,35,50,100,70
1136,949,Toedscruel,Ground/Grass,80,70,65,80,120,100
1137,950,Klawf,Rock,70,100,115,35,55,75
1138,951,Capsakid,Grass,50,62,40,62,40,50
1139,952,Scovillain,Grass/Fire,65,108,65,108,65,75
1140,953,Rellor,Bug,41,50,60,31,58,30
1141,954,Rabsca,Bug/Psychic,75,50,85,115,100,45
1142,955,Flittle,Psychic,30,35,30,55,30,75
1143,956,Espathra,Psychic,95,60,60,101,60,105
1144,957,Tinkatink,Fairy/Steel,50,45,45,35,64,58
1145,958,Tinkatuff,Fairy/Steel,65,55,55,45,82,78
1146,959,Tinkaton,Fairy/Steel,85,75,77,70,105,94
1147,960,Wiglett,Water,10,55,25,35,25,95
1148,961,Wugtrio,Water,35,100,50,50,70,120
1149,962,Bombirdier,Flying/Dark,70,103,85,60,85,82
1150,963,Finizen,Water,70,45,40,45,40,75
1151,964,Palafin Hero Form,Water,100,160,97,106,87,100
1152,964,Palafin Zero Form,Water,100,70,72,53,62,100
1153,965,Varoom,Steel/Poison,45,70,63,30,45,47
1154,966,Revavroom,Steel/Poison,80,119,90,54,67,90
1155,967,Cyclizar,Dragon/Normal,70,95,65,85,65,121
1156,968,Orthworm,Steel,70,85,145,60,55,65
1157,969,Glimmet,Rock/Poison,48,35,42,105,60,60
1158,970,Glimmora,Rock/Poison,83,55,90,130,81,86
1159,971,Greavard,Ghost,50,61,60,30,55,34
1160,972,Houndstone,Ghost,72,101,100,50,97,68
1161,973,Flamigo,Flying/Fighting,82,115,74,75,64,90
1162,974,Cetoddle,Ice,108,68,45,30,40,43
1163,975,Cetitan,Ice,170,113,65,45,55,73
1164,976,Veluza,Water/Psychic,90,102,73,78,65,70
1165,977,Dondozo,Water,150,100,115,65,65,35
1166,978,Tatsugiri,Dragon/Water,68,50,60,120,95,82
1167,979,Annihilape,Fighting/Ghost,110,115,80,50,90,90
1168,980,Clodsire,Poison/Ground,130,75,60,45,100,20
1169,981,Farigiraf,Normal/Psychic,120,90,70,110,70,60
1170,982,Dudunsparce Three-Segment Form,Normal,125,100,80,85,75,55
1171,982,Dudunsparce Two-Segment Form,Normal,125,100,80,85,75,55
1172,983,Kingambit,Dark/Steel,100,135,120,60,85,50
1173,984,Great Tusk,Ground/Fighting,115,131,131,53,53,87
1174,985,Scream Tail,Fairy/Psychic,115,65,99,65,115,111
1175,986,Brute Bonnet,Grass/Dark,111,127,99,79,99,55
1176,987,Flutter Mane,Ghost/Fairy,55,55,55,135,135,135
1177,988,Slither Wing,Bug/Fighting,85,135,79,85,105,81
1178,989,Sandy Shocks,Electric/Ground,85,81,97,121,85,101
1179,990,Iron Treads,Ground/Steel,90,112,120,72,70,106
1180,991,Iron Bundle,Ice/Water,56,80,114,124,60,136
1181,992,Iron Hands,Fighting/Electric,154,140,108,50,68,50
1182,993,Iron Jugulis,Dark/Flying,94,80,86,122,80,108
1183,994,Iron Moth,Fire/Poison,80,70,60,140,110,110
1184,995,Iron Thorns,Rock/Electric,100,134,110,70,84,72
1185,996,Frigibax,Dragon/Ice,65,75,45,35,45,55
1186,997,Arctibax,Dragon/Ice,90,95,66,45,65,62
1187,998,Baxcalibur,Dragon/Ice,115,145,92,75,86,87
1188,999,Gimmighoul Chest Form,Ghost,45,30,70,75,70,10
1189,999,Gimmighoul Roaming Form,Ghost,45,30,25,75,45,80
135,1000,Gholdengo,Steel/Ghost,87,60,95,133,91,84
136,1001,Wo-Chien,Dark/Grass,85,85,100,95,135,70
137,1002,Chien-Pao,Dark/Ice,80,120,80,90,65,135
138,1003,Ting-Lu,Dark/Ground,155,110,125,55,80,45
139,1004,Chi-Yu,Dark/Fire,55,80,80,135,120,100
140,1005,Roaring Moon,Dragon/Dark,105,139,71,55,101,119
141,1006,Iron Valiant,Fairy/Fighting,74,130,90,120,60,116
142,1007,Koraidon,Fighting/Dragon,100,135,115,85,100,135
143,1008,Miraidon,Electric/Dragon,100,85,100,135,115,135
